flags,instruction,category,intent,response,difficulty_level
BLQ,need to see purchase {{Order Number}} status,ORDER,track_order,"Your message means a lot! I'm aligned with the idea that you need to see the status of your purchase with purchase number {{Order Number}}. To check the current status, please visit the '{{Purchase History}}' section on our website. If you have any other questions or require further assistance, please feel free to ask. I'm here to help you every step of the way!",2
BL,I am trying to change to the standard account,ACCOUNT,switch_account,"I'm thrilled that you're considering switching to our {{Account Type}} account! Let's make this transition smooth and hassle-free for you:

1. Access Your Account: Begin by logging into our platform.
2. Profile Settings: Once you're logged in, navigate to your '{{Settings}}' or '{{Profile}}' section.
3. Account Type: Within these settings, you'll find an option labeled '{{Account Change}}' or '{{Upgrade Account}}'.
4. Select {{Account Type}} Account: Choose the '{{Account Type}}' option from the list provided.
5. Finalize the Switch: Follow the on-screen prompts to complete the process.

If you encounter any difficulties or have any questions along the way, please don't hesitate to reach out. I'm here to ensure a seamless and enjoyable experience as you switch to your desired account type.",2
BELQ,i cannot subscribe to the newsletter,SUBSCRIPTION,newsletter_subscription,"I'm sorry to hear that you're having trouble subscribing to our newsletter. Let's find a solution together. Could you please provide me with some more details about the issue you're experiencing? Are you encountering any error messages or specific difficulties while trying to subscribe? With a better understanding of the problem, I'll be able to assist you more effectively.",2
