case_id,agent_type,persona_type,s_agent,s_answer_quality,s_grounding,judge_s_resolution,judge_s_completeness,judge_s_tone,log_path,last_agent_answer_excerpt,human_score_0_100,human_notes
CASE_001,Single-slot,Adversarial,66.7,10,100,1,1,3,outputs\logs\Adversarial\Single-slot\log_CASE_001_Single-slot_Adversarial.json,Your order ORD60227680 has been successfully cancelled for the reason you specified. We appreciate your patience and understanding in this matter. This concludes our assistance with cancelling your order. Thank you for choosing our service.,85,
CASE_075,Reflection,Polite,69.7,40,100,2,2,5,outputs\logs\Polite\Reflection\log_CASE_075_Reflection_Polite.json,"We accept major credit/debit cards (Visa, Mastercard, Amex), digital wallets, and other options at checkout. For your current order ORD26468425 (Product_76), payment has been processed. Is there anything else I can help you with?",60,
CASE_141,ReAct,Adversarial,69.8,95,100,5,5,4,outputs\logs\Adversarial\ReAct\log_CASE_141_ReAct_Adversarial.json,I want to be completely transparent: our system doesn't list available delivery options for orders already placed. Your order ORD48773451 (Product_58) shipped on 2024-05-01 and is currently Shipped. Delivery choices are selected at checkout for new orders. Is there anything else I can help you with today?,95,
CASE_015,ReAct,Adversarial,64.6,70,100,3,5,4,outputs\logs\Adversarial\ReAct\log_CASE_015_ReAct_Adversarial.json,"To give more detail: refunds are accepted for damaged items, goods that don't match the description, or quality issues ??within 30 days of delivery. Your order ORD45785244 (Product_46) is currently Shipped, shipped on 2024-05-01. If you'd like me to process a refund for this order, just say the word. Is there anything else I can help you with today?",70,
CASE_090,Reflection,Polite,70.7,40,100,2,2,5,outputs\logs\Polite\Reflection\log_CASE_090_Reflection_Polite.json,"I've verified your order ORD49006026 with Product_68, currently Refunded. Unfortunately, our system doesn't support changing the shipping address once placed. Since your order is currently Refunded, please contact the carrier directly for any delivery concerns. Is there anything else I can help you with?",100,
CASE_075,Reflection,VIP,62.9,0,100,,,,outputs\logs\VIP\Reflection\log_CASE_075_Reflection_VIP.json,"We accept major credit/debit cards (Visa, Mastercard, Amex), digital wallets, and other options at checkout. For your current order ORD26468425 (Product_76), payment has been processed. Is there anything else I can help you with?",92.5,
CASE_015,ReAct,Polite,72.3,87.5,100,4,5,5,outputs\logs\Polite\ReAct\log_CASE_015_ReAct_Polite.json,"To give more detail: refunds are accepted for damaged items, goods that don't match the description, or quality issues ??within 30 days of delivery. Your order ORD45785244 (Product_46) is currently Shipped, shipped on 2024-05-01. If you'd like me to process a refund for this order, just say the word. Is there anything else I can help you with today?",100,
CASE_015,ReAct,VIP,72.4,100,100,5,5,5,outputs\logs\VIP\ReAct\log_CASE_015_ReAct_VIP.json,"To give more detail: refunds are accepted for damaged items, goods that don't match the description, or quality issues ??within 30 days of delivery. Your order ORD45785244 (Product_46) is currently Shipped, shipped on 2024-05-01. If you'd like me to process a refund for this order, just say the word. Is there anything else I can help you with today?",100,
CASE_141,ReAct,VIP,72.4,100,100,5,5,5,outputs\logs\VIP\ReAct\log_CASE_141_ReAct_VIP.json,I want to be completely transparent: our system doesn't list available delivery options for orders already placed. Your order ORD48773451 (Product_58) shipped on 2024-05-01 and is currently Shipped. Delivery choices are selected at checkout for new orders. Is there anything else I can help you with today?,100,
CASE_141,ReAct,Polite,72.6,100,100,5,5,5,outputs\logs\Polite\ReAct\log_CASE_141_ReAct_Polite.json,I want to be completely transparent: our system doesn't list available delivery options for orders already placed. Your order ORD48773451 (Product_58) shipped on 2024-05-01 and is currently Shipped. Delivery choices are selected at checkout for new orders. Is there anything else I can help you with today?,100,
CASE_075,ReAct,Adversarial,74.2,100,100,5,5,5,outputs\logs\Adversarial\ReAct\log_CASE_075_ReAct_Adversarial.json,"We accept major credit/debit cards (Visa, Mastercard, Amex), digital wallets, and other payment options shown at checkout when placing a new order. For your current order ORD26468425 (Product_76), payment has already been processed. Is there anything else I can help you with?",100,
CASE_015,PlanExecute,Polite,74.2,35,66.7,2,2,4,outputs\logs\Polite\PlanExecute\log_CASE_015_PlanExecute_Polite.json,"Beyond damaged goods, incorrect items, and quality issues, refunds may also apply when a product significantly differs from its listing description. For example, receiving a red item when the listing showed blue, or a product missing a key advertised feature. Items that simply don't meet personal expectations are generally not eligible. Your order ORD45785244 (Product_46) is currently Shipped. Is there anything else I can help you with?",70,
CASE_075,PlanExecute,Adversarial,74.3,0,100,,,,outputs\logs\Adversarial\PlanExecute\log_CASE_075_PlanExecute_Adversarial.json,"We accept major credit/debit cards (Visa, Mastercard, Amex), digital wallets, and other options at checkout. For your order ORD26468425 (Product_76), payment has already been processed and your order is currently Refunded. Is there anything else I can help you with?",100,
CASE_075,ReAct,Polite,74.3,40,100,2,2,5,outputs\logs\Polite\ReAct\log_CASE_075_ReAct_Polite.json,"We accept major credit/debit cards (Visa, Mastercard, Amex), digital wallets, and other payment options shown at checkout when placing a new order. For your current order ORD26468425 (Product_76), payment has already been processed. Is there anything else I can help you with?",75,
CASE_090,ReAct,Adversarial,74.4,75,100,4,4,4,outputs\logs\Adversarial\ReAct\log_CASE_090_ReAct_Adversarial.json,"Shipping addresses cannot be changed once an order is placed. Since your order ORD49006026 is currently Refunded, please contact the carrier directly for any delivery concerns. Is there anything else I can help you with?",75,
