w_outcome,w_tool,w_trajectory,w_efficiency,mean_ReAct,mean_PlanExecute,mean_Reflection,mean_Single_slot,rank1,rank2,rank3,rank4
0.05,0.05,0.05,0.85,93.21,95.75,45.83,89.18,PlanExecute,ReAct,Single-slot,Reflection
0.05,0.05,0.1,0.8,91.53,95.74,48.81,89.59,PlanExecute,ReAct,Single-slot,Reflection
0.05,0.05,0.15,0.75,89.86,95.73,51.79,90.0,PlanExecute,Single-slot,ReAct,Reflection
0.05,0.05,0.2,0.7,88.19,95.72,54.77,90.41,PlanExecute,Single-slot,ReAct,Reflection
0.05,0.05,0.25,0.65,86.52,95.71,57.75,90.82,PlanExecute,Single-slot,ReAct,Reflection
0.05,0.05,0.3,0.6,84.85,95.7,60.7,91.23,PlanExecute,Single-slot,ReAct,Reflection
0.05,0.05,0.35,0.55,83.18,95.69,63.66,91.63,PlanExecute,Single-slot,ReAct,Reflection
0.05,0.05,0.4,0.5,81.51,95.68,66.61,92.04,PlanExecute,Single-slot,ReAct,Reflection
0.05,0.05,0.45,0.45,79.84,95.68,69.56,92.45,PlanExecute,Single-slot,ReAct,Reflection
0.05,0.05,0.5,0.4,78.17,95.67,72.51,92.86,PlanExecute,Single-slot,ReAct,Reflection
0.05,0.05,0.55,0.35,76.5,95.66,75.46,93.27,PlanExecute,Single-slot,ReAct,Reflection
0.05,0.05,0.6,0.3,74.83,95.65,78.41,93.68,PlanExecute,Single-slot,Reflection,ReAct
0.05,0.05,0.65,0.25,73.16,95.64,81.37,94.09,PlanExecute,Single-slot,Reflection,ReAct
0.05,0.05,0.7,0.2,71.49,95.63,84.32,94.5,PlanExecute,Single-slot,Reflection,ReAct
0.05,0.05,0.75,0.15,69.82,95.62,87.27,94.91,PlanExecute,Single-slot,Reflection,ReAct
0.05,0.05,0.8,0.1,68.15,95.61,90.22,95.32,PlanExecute,Single-slot,Reflection,ReAct
0.05,0.05,0.85,0.05,66.48,95.6,93.17,95.72,Single-slot,PlanExecute,Reflection,ReAct
0.05,0.1,0.05,0.8,90.94,94.72,47.5,88.38,PlanExecute,ReAct,Single-slot,Reflection
0.05,0.1,0.1,0.75,89.27,94.71,50.48,88.79,PlanExecute,ReAct,Single-slot,Reflection
0.05,0.1,0.15,0.7,87.6,94.7,53.46,89.2,PlanExecute,Single-slot,ReAct,Reflection
0.05,0.1,0.2,0.65,85.93,94.69,56.44,89.61,PlanExecute,Single-slot,ReAct,Reflection
0.05,0.1,0.25,0.6,84.26,94.68,59.41,90.02,PlanExecute,Single-slot,ReAct,Reflection
0.05,0.1,0.3,0.55,82.59,94.67,62.36,90.43,PlanExecute,Single-slot,ReAct,Reflection
0.05,0.1,0.35,0.5,80.92,94.66,65.31,90.83,PlanExecute,Single-slot,ReAct,Reflection
0.05,0.1,0.4,0.45,79.25,94.65,68.26,91.24,PlanExecute,Single-slot,ReAct,Reflection
0.05,0.1,0.45,0.4,77.58,94.64,71.22,91.65,PlanExecute,Single-slot,ReAct,Reflection
0.05,0.1,0.5,0.35,75.91,94.63,74.17,92.06,PlanExecute,Single-slot,ReAct,Reflection
0.05,0.1,0.55,0.3,74.24,94.62,77.12,92.47,PlanExecute,Single-slot,Reflection,ReAct
0.05,0.1,0.6,0.25,72.57,94.61,80.07,92.88,PlanExecute,Single-slot,Reflection,ReAct
0.05,0.1,0.65,0.2,70.9,94.61,83.02,93.29,PlanExecute,Single-slot,Reflection,ReAct
0.05,0.1,0.7,0.15,69.23,94.6,85.98,93.7,PlanExecute,Single-slot,Reflection,ReAct
0.05,0.1,0.75,0.1,67.56,94.59,88.93,94.11,PlanExecute,Single-slot,Reflection,ReAct
0.05,0.1,0.8,0.05,65.89,94.58,91.88,94.51,PlanExecute,Single-slot,Reflection,ReAct
0.05,0.15,0.05,0.75,88.68,93.69,49.17,87.58,PlanExecute,ReAct,Single-slot,Reflection
0.05,0.15,0.1,0.7,87.01,93.68,52.15,87.99,PlanExecute,Single-slot,ReAct,Reflection
0.05,0.15,0.15,0.65,85.34,93.67,55.13,88.4,PlanExecute,Single-slot,ReAct,Reflection
0.05,0.15,0.2,0.6,83.67,93.66,58.11,88.81,PlanExecute,Single-slot,ReAct,Reflection
0.05,0.15,0.25,0.55,82.0,93.65,61.07,89.22,PlanExecute,Single-slot,ReAct,Reflection
0.05,0.15,0.3,0.5,80.33,93.64,64.02,89.62,PlanExecute,Single-slot,ReAct,Reflection
0.05,0.15,0.35,0.45,78.66,93.63,66.97,90.03,PlanExecute,Single-slot,ReAct,Reflection
0.05,0.15,0.4,0.4,76.99,93.62,69.92,90.44,PlanExecute,Single-slot,ReAct,Reflection
0.05,0.15,0.45,0.35,75.32,93.61,72.87,90.85,PlanExecute,Single-slot,ReAct,Reflection
0.05,0.15,0.5,0.3,73.65,93.6,75.83,91.26,PlanExecute,Single-slot,Reflection,ReAct
0.05,0.15,0.55,0.25,71.97,93.59,78.78,91.67,PlanExecute,Single-slot,Reflection,ReAct
0.05,0.15,0.6,0.2,70.3,93.58,81.73,92.08,PlanExecute,Single-slot,Reflection,ReAct
0.05,0.15,0.65,0.15,68.63,93.57,84.68,92.49,PlanExecute,Single-slot,Reflection,ReAct
0.05,0.15,0.7,0.1,66.96,93.56,87.63,92.9,PlanExecute,Single-slot,Reflection,ReAct
0.05,0.15,0.75,0.05,65.29,93.55,90.58,93.31,PlanExecute,Single-slot,Reflection,ReAct
0.05,0.2,0.05,0.7,86.42,92.65,50.84,86.78,PlanExecute,Single-slot,ReAct,Reflection
0.05,0.2,0.1,0.65,84.75,92.64,53.82,87.19,PlanExecute,Single-slot,ReAct,Reflection
0.05,0.2,0.15,0.6,83.07,92.63,56.8,87.6,PlanExecute,Single-slot,ReAct,Reflection
0.05,0.2,0.2,0.55,81.4,92.62,59.77,88.01,PlanExecute,Single-slot,ReAct,Reflection
0.05,0.2,0.25,0.5,79.73,92.62,62.72,88.42,PlanExecute,Single-slot,ReAct,Reflection
0.05,0.2,0.3,0.45,78.06,92.61,65.68,88.82,PlanExecute,Single-slot,ReAct,Reflection
0.05,0.2,0.35,0.4,76.39,92.6,68.63,89.23,PlanExecute,Single-slot,ReAct,Reflection
0.05,0.2,0.4,0.35,74.72,92.59,71.58,89.64,PlanExecute,Single-slot,ReAct,Reflection
0.05,0.2,0.45,0.3,73.05,92.58,74.53,90.05,PlanExecute,Single-slot,Reflection,ReAct
0.05,0.2,0.5,0.25,71.38,92.57,77.48,90.46,PlanExecute,Single-slot,Reflection,ReAct
0.05,0.2,0.55,0.2,69.71,92.56,80.43,90.87,PlanExecute,Single-slot,Reflection,ReAct
0.05,0.2,0.6,0.15,68.04,92.55,83.39,91.28,PlanExecute,Single-slot,Reflection,ReAct
0.05,0.2,0.65,0.1,66.37,92.54,86.34,91.69,PlanExecute,Single-slot,Reflection,ReAct
0.05,0.2,0.7,0.05,64.7,92.53,89.29,92.1,PlanExecute,Single-slot,Reflection,ReAct
0.05,0.25,0.05,0.65,84.15,91.62,52.51,85.98,PlanExecute,Single-slot,ReAct,Reflection
0.05,0.25,0.1,0.6,82.48,91.61,55.49,86.39,PlanExecute,Single-slot,ReAct,Reflection
0.05,0.25,0.15,0.55,80.81,91.6,58.47,86.8,PlanExecute,Single-slot,ReAct,Reflection
0.05,0.25,0.2,0.5,79.14,91.59,61.43,87.21,PlanExecute,Single-slot,ReAct,Reflection
0.05,0.25,0.25,0.45,77.47,91.58,64.38,87.62,PlanExecute,Single-slot,ReAct,Reflection
0.05,0.25,0.3,0.4,75.8,91.57,67.33,88.02,PlanExecute,Single-slot,ReAct,Reflection
0.05,0.25,0.35,0.35,74.13,91.56,70.29,88.43,PlanExecute,Single-slot,ReAct,Reflection
0.05,0.25,0.4,0.3,72.46,91.55,73.24,88.84,PlanExecute,Single-slot,Reflection,ReAct
0.05,0.25,0.45,0.25,70.79,91.55,76.19,89.25,PlanExecute,Single-slot,Reflection,ReAct
0.05,0.25,0.5,0.2,69.12,91.54,79.14,89.66,PlanExecute,Single-slot,Reflection,ReAct
0.05,0.25,0.55,0.15,67.45,91.53,82.09,90.07,PlanExecute,Single-slot,Reflection,ReAct
0.05,0.25,0.6,0.1,65.78,91.52,85.04,90.48,PlanExecute,Single-slot,Reflection,ReAct
0.05,0.25,0.65,0.05,64.11,91.51,88.0,90.89,PlanExecute,Single-slot,Reflection,ReAct
0.05,0.3,0.05,0.6,81.89,90.59,54.18,85.18,PlanExecute,Single-slot,ReAct,Reflection
0.05,0.3,0.1,0.55,80.22,90.58,57.16,85.59,PlanExecute,Single-slot,ReAct,Reflection
0.05,0.3,0.15,0.5,78.55,90.57,60.14,86.0,PlanExecute,Single-slot,ReAct,Reflection
0.05,0.3,0.2,0.45,76.88,90.56,63.09,86.41,PlanExecute,Single-slot,ReAct,Reflection
0.05,0.3,0.25,0.4,75.21,90.55,66.04,86.81,PlanExecute,Single-slot,ReAct,Reflection
0.05,0.3,0.3,0.35,73.54,90.54,68.99,87.22,PlanExecute,Single-slot,ReAct,Reflection
0.05,0.3,0.35,0.3,71.87,90.53,71.94,87.63,PlanExecute,Single-slot,Reflection,ReAct
0.05,0.3,0.4,0.25,70.2,90.52,74.89,88.04,PlanExecute,Single-slot,Reflection,ReAct
0.05,0.3,0.45,0.2,68.53,90.51,77.85,88.45,PlanExecute,Single-slot,Reflection,ReAct
0.05,0.3,0.5,0.15,66.86,90.5,80.8,88.86,PlanExecute,Single-slot,Reflection,ReAct
0.05,0.3,0.55,0.1,65.19,90.49,83.75,89.27,PlanExecute,Single-slot,Reflection,ReAct
0.05,0.3,0.6,0.05,63.51,90.48,86.7,89.68,PlanExecute,Single-slot,Reflection,ReAct
0.05,0.35,0.05,0.55,79.63,89.56,55.84,84.38,PlanExecute,Single-slot,ReAct,Reflection
0.05,0.35,0.1,0.5,77.96,89.55,58.82,84.79,PlanExecute,Single-slot,ReAct,Reflection
0.05,0.35,0.15,0.45,76.29,89.54,61.79,85.2,PlanExecute,Single-slot,ReAct,Reflection
0.05,0.35,0.2,0.4,74.61,89.53,64.74,85.61,PlanExecute,Single-slot,ReAct,Reflection
0.05,0.35,0.25,0.35,72.94,89.52,67.7,86.01,PlanExecute,Single-slot,ReAct,Reflection
0.05,0.35,0.3,0.3,71.27,89.51,70.65,86.42,PlanExecute,Single-slot,ReAct,Reflection
0.05,0.35,0.35,0.25,69.6,89.5,73.6,86.83,PlanExecute,Single-slot,Reflection,ReAct
0.05,0.35,0.4,0.2,67.93,89.49,76.55,87.24,PlanExecute,Single-slot,Reflection,ReAct
0.05,0.35,0.45,0.15,66.26,89.48,79.5,87.65,PlanExecute,Single-slot,Reflection,ReAct
0.05,0.35,0.5,0.1,64.59,89.47,82.46,88.06,PlanExecute,Single-slot,Reflection,ReAct
0.05,0.35,0.55,0.05,62.92,89.46,85.41,88.47,PlanExecute,Single-slot,Reflection,ReAct
0.05,0.4,0.05,0.5,77.36,88.52,57.51,83.58,PlanExecute,Single-slot,ReAct,Reflection
0.05,0.4,0.1,0.45,75.69,88.51,60.49,83.99,PlanExecute,Single-slot,ReAct,Reflection
0.05,0.4,0.15,0.4,74.02,88.5,63.45,84.4,PlanExecute,Single-slot,ReAct,Reflection
0.05,0.4,0.2,0.35,72.35,88.49,66.4,84.8,PlanExecute,Single-slot,ReAct,Reflection
0.05,0.4,0.25,0.3,70.68,88.49,69.35,85.21,PlanExecute,Single-slot,ReAct,Reflection
0.05,0.4,0.3,0.25,69.01,88.48,72.31,85.62,PlanExecute,Single-slot,Reflection,ReAct
0.05,0.4,0.35,0.2,67.34,88.47,75.26,86.03,PlanExecute,Single-slot,Reflection,ReAct
0.05,0.4,0.4,0.15,65.67,88.46,78.21,86.44,PlanExecute,Single-slot,Reflection,ReAct
0.05,0.4,0.45,0.1,64.0,88.45,81.16,86.85,PlanExecute,Single-slot,Reflection,ReAct
0.05,0.4,0.5,0.05,62.33,88.44,84.11,87.26,PlanExecute,Single-slot,Reflection,ReAct
0.05,0.45,0.05,0.45,75.1,87.49,59.18,82.78,PlanExecute,Single-slot,ReAct,Reflection
0.05,0.45,0.1,0.4,73.43,87.48,62.16,83.19,PlanExecute,Single-slot,ReAct,Reflection
0.05,0.45,0.15,0.35,71.76,87.47,65.11,83.6,PlanExecute,Single-slot,ReAct,Reflection
0.05,0.45,0.2,0.3,70.09,87.46,68.06,84.0,PlanExecute,Single-slot,ReAct,Reflection
0.05,0.45,0.25,0.25,68.42,87.45,71.01,84.41,PlanExecute,Single-slot,Reflection,ReAct
0.05,0.45,0.3,0.2,66.75,87.44,73.96,84.82,PlanExecute,Single-slot,Reflection,ReAct
0.05,0.45,0.35,0.15,65.08,87.43,76.91,85.23,PlanExecute,Single-slot,Reflection,ReAct
0.05,0.45,0.4,0.1,63.41,87.42,79.87,85.64,PlanExecute,Single-slot,Reflection,ReAct
0.05,0.45,0.45,0.05,61.74,87.42,82.82,86.05,PlanExecute,Single-slot,Reflection,ReAct
0.05,0.5,0.05,0.4,72.84,86.46,60.85,81.98,PlanExecute,Single-slot,ReAct,Reflection
0.05,0.5,0.1,0.35,71.17,86.45,63.81,82.39,PlanExecute,Single-slot,ReAct,Reflection
0.05,0.5,0.15,0.3,69.5,86.44,66.76,82.79,PlanExecute,Single-slot,ReAct,Reflection
0.05,0.5,0.2,0.25,67.83,86.43,69.72,83.2,PlanExecute,Single-slot,Reflection,ReAct
0.05,0.5,0.25,0.2,66.16,86.42,72.67,83.61,PlanExecute,Single-slot,Reflection,ReAct
0.05,0.5,0.3,0.15,64.48,86.41,75.62,84.02,PlanExecute,Single-slot,Reflection,ReAct
0.05,0.5,0.35,0.1,62.81,86.4,78.57,84.43,PlanExecute,Single-slot,Reflection,ReAct
0.05,0.5,0.4,0.05,61.14,86.39,81.52,84.84,PlanExecute,Single-slot,Reflection,ReAct
0.05,0.55,0.05,0.35,70.57,85.43,62.52,81.18,PlanExecute,Single-slot,ReAct,Reflection
0.05,0.55,0.1,0.3,68.9,85.42,65.47,81.59,PlanExecute,Single-slot,ReAct,Reflection
0.05,0.55,0.15,0.25,67.23,85.41,68.42,81.99,PlanExecute,Single-slot,Reflection,ReAct
0.05,0.55,0.2,0.2,65.56,85.4,71.37,82.4,PlanExecute,Single-slot,Reflection,ReAct
0.05,0.55,0.25,0.15,63.89,85.39,74.33,82.81,PlanExecute,Single-slot,Reflection,ReAct
0.05,0.55,0.3,0.1,62.22,85.38,77.28,83.22,PlanExecute,Single-slot,Reflection,ReAct
0.05,0.55,0.35,0.05,60.55,85.37,80.23,83.63,PlanExecute,Single-slot,Reflection,ReAct
0.05,0.6,0.05,0.3,68.31,84.39,64.18,80.38,PlanExecute,Single-slot,ReAct,Reflection
0.05,0.6,0.1,0.25,66.64,84.38,67.13,80.78,PlanExecute,Single-slot,Reflection,ReAct
0.05,0.6,0.15,0.2,64.97,84.37,70.08,81.19,PlanExecute,Single-slot,Reflection,ReAct
0.05,0.6,0.2,0.15,63.3,84.36,73.03,81.6,PlanExecute,Single-slot,Reflection,ReAct
0.05,0.6,0.25,0.1,61.63,84.36,75.98,82.01,PlanExecute,Single-slot,Reflection,ReAct
0.05,0.6,0.3,0.05,59.96,84.35,78.93,82.42,PlanExecute,Single-slot,Reflection,ReAct
0.05,0.65,0.05,0.25,66.05,83.36,65.83,79.58,PlanExecute,Single-slot,ReAct,Reflection
0.05,0.65,0.1,0.2,64.38,83.35,68.79,79.98,PlanExecute,Single-slot,Reflection,ReAct
0.05,0.65,0.15,0.15,62.71,83.34,71.74,80.39,PlanExecute,Single-slot,Reflection,ReAct
0.05,0.65,0.2,0.1,61.04,83.33,74.69,80.8,PlanExecute,Single-slot,Reflection,ReAct
0.05,0.65,0.25,0.05,59.37,83.32,77.64,81.21,PlanExecute,Single-slot,Reflection,ReAct
0.05,0.7,0.05,0.2,63.78,82.33,67.49,78.78,PlanExecute,Single-slot,Reflection,ReAct
0.05,0.7,0.1,0.15,62.11,82.32,70.44,79.18,PlanExecute,Single-slot,Reflection,ReAct
0.05,0.7,0.15,0.1,60.44,82.31,73.39,79.59,PlanExecute,Single-slot,Reflection,ReAct
0.05,0.7,0.2,0.05,58.77,82.3,76.35,80.0,PlanExecute,Single-slot,Reflection,ReAct
0.05,0.75,0.05,0.15,61.52,81.3,69.15,77.97,PlanExecute,Single-slot,Reflection,ReAct
0.05,0.75,0.1,0.1,59.85,81.29,72.1,78.38,PlanExecute,Single-slot,Reflection,ReAct
0.05,0.75,0.15,0.05,58.18,81.28,75.05,78.79,PlanExecute,Single-slot,Reflection,ReAct
0.05,0.8,0.05,0.1,59.26,80.26,70.81,77.17,PlanExecute,Single-slot,Reflection,ReAct
0.05,0.8,0.1,0.05,57.59,80.25,73.76,77.58,PlanExecute,Single-slot,Reflection,ReAct
0.05,0.85,0.05,0.05,56.99,79.23,72.46,76.37,PlanExecute,Single-slot,Reflection,ReAct
0.1,0.05,0.05,0.8,91.1,93.59,46.61,87.27,PlanExecute,ReAct,Single-slot,Reflection
0.1,0.05,0.1,0.75,89.43,93.58,49.59,87.67,PlanExecute,ReAct,Single-slot,Reflection
0.1,0.05,0.15,0.7,87.76,93.57,52.57,88.08,PlanExecute,Single-slot,ReAct,Reflection
0.1,0.05,0.2,0.65,86.09,93.56,55.55,88.49,PlanExecute,Single-slot,ReAct,Reflection
0.1,0.05,0.25,0.6,84.42,93.55,58.52,88.9,PlanExecute,Single-slot,ReAct,Reflection
0.1,0.05,0.3,0.55,82.75,93.54,61.48,89.31,PlanExecute,Single-slot,ReAct,Reflection
0.1,0.05,0.35,0.5,81.08,93.53,64.43,89.72,PlanExecute,Single-slot,ReAct,Reflection
0.1,0.05,0.4,0.45,79.41,93.52,67.38,90.13,PlanExecute,Single-slot,ReAct,Reflection
0.1,0.05,0.45,0.4,77.74,93.51,70.33,90.54,PlanExecute,Single-slot,ReAct,Reflection
0.1,0.05,0.5,0.35,76.07,93.5,73.28,90.95,PlanExecute,Single-slot,ReAct,Reflection
0.1,0.05,0.55,0.3,74.4,93.49,76.23,91.36,PlanExecute,Single-slot,Reflection,ReAct
0.1,0.05,0.6,0.25,72.73,93.49,79.19,91.76,PlanExecute,Single-slot,Reflection,ReAct
0.1,0.05,0.65,0.2,71.06,93.48,82.14,92.17,PlanExecute,Single-slot,Reflection,ReAct
0.1,0.05,0.7,0.15,69.39,93.47,85.09,92.58,PlanExecute,Single-slot,Reflection,ReAct
0.1,0.05,0.75,0.1,67.72,93.46,88.04,92.99,PlanExecute,Single-slot,Reflection,ReAct
0.1,0.05,0.8,0.05,66.05,93.45,90.99,93.4,PlanExecute,Single-slot,Reflection,ReAct
0.1,0.1,0.05,0.75,88.84,92.56,48.28,86.47,PlanExecute,ReAct,Single-slot,Reflection
0.1,0.1,0.1,0.7,87.17,92.55,51.26,86.87,PlanExecute,ReAct,Single-slot,Reflection
0.1,0.1,0.15,0.65,85.5,92.54,54.24,87.28,PlanExecute,Single-slot,ReAct,Reflection
0.1,0.1,0.2,0.6,83.83,92.53,57.22,87.69,PlanExecute,Single-slot,ReAct,Reflection
0.1,0.1,0.25,0.55,82.16,92.52,60.18,88.1,PlanExecute,Single-slot,ReAct,Reflection
0.1,0.1,0.3,0.5,80.49,92.51,63.13,88.51,PlanExecute,Single-slot,ReAct,Reflection
0.1,0.1,0.35,0.45,78.82,92.5,66.08,88.92,PlanExecute,Single-slot,ReAct,Reflection
0.1,0.1,0.4,0.4,77.15,92.49,69.04,89.33,PlanExecute,Single-slot,ReAct,Reflection
0.1,0.1,0.45,0.35,75.48,92.48,71.99,89.74,PlanExecute,Single-slot,ReAct,Reflection
0.1,0.1,0.5,0.3,73.81,92.47,74.94,90.15,PlanExecute,Single-slot,Reflection,ReAct
0.1,0.1,0.55,0.25,72.14,92.46,77.89,90.55,PlanExecute,Single-slot,Reflection,ReAct
0.1,0.1,0.6,0.2,70.47,92.45,80.84,90.96,PlanExecute,Single-slot,Reflection,ReAct
0.1,0.1,0.65,0.15,68.79,92.44,83.79,91.37,PlanExecute,Single-slot,Reflection,ReAct
0.1,0.1,0.7,0.1,67.12,92.43,86.75,91.78,PlanExecute,Single-slot,Reflection,ReAct
0.1,0.1,0.75,0.05,65.45,92.42,89.7,92.19,PlanExecute,Single-slot,Reflection,ReAct
0.1,0.15,0.05,0.7,86.58,91.52,49.95,85.67,PlanExecute,ReAct,Single-slot,Reflection
0.1,0.15,0.1,0.65,84.91,91.51,52.93,86.07,PlanExecute,Single-slot,ReAct,Reflection
0.1,0.15,0.15,0.6,83.24,91.5,55.91,86.48,PlanExecute,Single-slot,ReAct,Reflection
0.1,0.15,0.2,0.55,81.57,91.5,58.89,86.89,PlanExecute,Single-slot,ReAct,Reflection
0.1,0.15,0.25,0.5,79.89,91.49,61.84,87.3,PlanExecute,Single-slot,ReAct,Reflection
0.1,0.15,0.3,0.45,78.22,91.48,64.79,87.71,PlanExecute,Single-slot,ReAct,Reflection
0.1,0.15,0.35,0.4,76.55,91.47,67.74,88.12,PlanExecute,Single-slot,ReAct,Reflection
0.1,0.15,0.4,0.35,74.88,91.46,70.69,88.53,PlanExecute,Single-slot,ReAct,Reflection
0.1,0.15,0.45,0.3,73.21,91.45,73.65,88.94,PlanExecute,Single-slot,Reflection,ReAct
0.1,0.15,0.5,0.25,71.54,91.44,76.6,89.35,PlanExecute,Single-slot,Reflection,ReAct
0.1,0.15,0.55,0.2,69.87,91.43,79.55,89.75,PlanExecute,Single-slot,Reflection,ReAct
0.1,0.15,0.6,0.15,68.2,91.42,82.5,90.16,PlanExecute,Single-slot,Reflection,ReAct
0.1,0.15,0.65,0.1,66.53,91.41,85.45,90.57,PlanExecute,Single-slot,Reflection,ReAct
0.1,0.15,0.7,0.05,64.86,91.4,88.4,90.98,PlanExecute,Single-slot,Reflection,ReAct
0.1,0.2,0.05,0.65,84.31,90.49,51.62,84.86,PlanExecute,Single-slot,ReAct,Reflection
0.1,0.2,0.1,0.6,82.64,90.48,54.6,85.27,PlanExecute,Single-slot,ReAct,Reflection
0.1,0.2,0.15,0.55,80.97,90.47,57.58,85.68,PlanExecute,Single-slot,ReAct,Reflection
0.1,0.2,0.2,0.5,79.3,90.46,60.54,86.09,PlanExecute,Single-slot,ReAct,Reflection
0.1,0.2,0.25,0.45,77.63,90.45,63.5,86.5,PlanExecute,Single-slot,ReAct,Reflection
0.1,0.2,0.3,0.4,75.96,90.44,66.45,86.91,PlanExecute,Single-slot,ReAct,Reflection
0.1,0.2,0.35,0.35,74.29,90.43,69.4,87.32,PlanExecute,Single-slot,ReAct,Reflection
0.1,0.2,0.4,0.3,72.62,90.43,72.35,87.73,PlanExecute,Single-slot,ReAct,Reflection
0.1,0.2,0.45,0.25,70.95,90.42,75.3,88.14,PlanExecute,Single-slot,Reflection,ReAct
0.1,0.2,0.5,0.2,69.28,90.41,78.25,88.54,PlanExecute,Single-slot,Reflection,ReAct
0.1,0.2,0.55,0.15,67.61,90.4,81.21,88.95,PlanExecute,Single-slot,Reflection,ReAct
0.1,0.2,0.6,0.1,65.94,90.39,84.16,89.36,PlanExecute,Single-slot,Reflection,ReAct
0.1,0.2,0.65,0.05,64.27,90.38,87.11,89.77,PlanExecute,Single-slot,Reflection,ReAct
0.1,0.25,0.05,0.6,82.05,89.46,53.29,84.06,PlanExecute,Single-slot,ReAct,Reflection
0.1,0.25,0.1,0.55,80.38,89.45,56.27,84.47,PlanExecute,Single-slot,ReAct,Reflection
0.1,0.25,0.15,0.5,78.71,89.44,59.25,84.88,PlanExecute,Single-slot,ReAct,Reflection
0.1,0.25,0.2,0.45,77.04,89.43,62.2,85.29,PlanExecute,Single-slot,ReAct,Reflection
0.1,0.25,0.25,0.4,75.37,89.42,65.15,85.7,PlanExecute,Single-slot,ReAct,Reflection
0.1,0.25,0.3,0.35,73.7,89.41,68.1,86.11,PlanExecute,Single-slot,ReAct,Reflection
0.1,0.25,0.35,0.3,72.03,89.4,71.06,86.52,PlanExecute,Single-slot,ReAct,Reflection
0.1,0.25,0.4,0.25,70.36,89.39,74.01,86.93,PlanExecute,Single-slot,Reflection,ReAct
0.1,0.25,0.45,0.2,68.69,89.38,76.96,87.34,PlanExecute,Single-slot,Reflection,ReAct
0.1,0.25,0.5,0.15,67.02,89.37,79.91,87.74,PlanExecute,Single-slot,Reflection,ReAct
0.1,0.25,0.55,0.1,65.35,89.36,82.86,88.15,PlanExecute,Single-slot,Reflection,ReAct
0.1,0.25,0.6,0.05,63.68,89.36,85.82,88.56,PlanExecute,Single-slot,Reflection,ReAct
0.1,0.3,0.05,0.55,79.79,88.43,54.96,83.26,PlanExecute,Single-slot,ReAct,Reflection
0.1,0.3,0.1,0.5,78.12,88.42,57.94,83.67,PlanExecute,Single-slot,ReAct,Reflection
0.1,0.3,0.15,0.45,76.45,88.41,60.91,84.08,PlanExecute,Single-slot,ReAct,Reflection
0.1,0.3,0.2,0.4,74.78,88.4,63.86,84.49,PlanExecute,Single-slot,ReAct,Reflection
0.1,0.3,0.25,0.35,73.11,88.39,66.81,84.9,PlanExecute,Single-slot,ReAct,Reflection
0.1,0.3,0.3,0.3,71.43,88.38,69.76,85.31,PlanExecute,Single-slot,ReAct,Reflection
0.1,0.3,0.35,0.25,69.76,88.37,72.71,85.72,PlanExecute,Single-slot,Reflection,ReAct
0.1,0.3,0.4,0.2,68.09,88.36,75.67,86.13,PlanExecute,Single-slot,Reflection,ReAct
0.1,0.3,0.45,0.15,66.42,88.35,78.62,86.54,PlanExecute,Single-slot,Reflection,ReAct
0.1,0.3,0.5,0.1,64.75,88.34,81.57,86.94,PlanExecute,Single-slot,Reflection,ReAct
0.1,0.3,0.55,0.05,63.08,88.33,84.52,87.35,PlanExecute,Single-slot,Reflection,ReAct
0.1,0.35,0.05,0.5,77.52,87.39,56.62,82.46,PlanExecute,Single-slot,ReAct,Reflection
0.1,0.35,0.1,0.45,75.85,87.38,59.6,82.87,PlanExecute,Single-slot,ReAct,Reflection
0.1,0.35,0.15,0.4,74.18,87.37,62.56,83.28,PlanExecute,Single-slot,ReAct,Reflection
0.1,0.35,0.2,0.35,72.51,87.37,65.52,83.69,PlanExecute,Single-slot,ReAct,Reflection
0.1,0.35,0.25,0.3,70.84,87.36,68.47,84.1,PlanExecute,Single-slot,ReAct,Reflection
0.1,0.35,0.3,0.25,69.17,87.35,71.42,84.51,PlanExecute,Single-slot,Reflection,ReAct
0.1,0.35,0.35,0.2,67.5,87.34,74.37,84.92,PlanExecute,Single-slot,Reflection,ReAct
0.1,0.35,0.4,0.15,65.83,87.33,77.32,85.33,PlanExecute,Single-slot,Reflection,ReAct
0.1,0.35,0.45,0.1,64.16,87.32,80.27,85.73,PlanExecute,Single-slot,Reflection,ReAct
0.1,0.35,0.5,0.05,62.49,87.31,83.23,86.14,PlanExecute,Single-slot,Reflection,ReAct
0.1,0.4,0.05,0.45,75.26,86.36,58.29,81.66,PlanExecute,Single-slot,ReAct,Reflection
0.1,0.4,0.1,0.4,73.59,86.35,61.27,82.07,PlanExecute,Single-slot,ReAct,Reflection
0.1,0.4,0.15,0.35,71.92,86.34,64.22,82.48,PlanExecute,Single-slot,ReAct,Reflection
0.1,0.4,0.2,0.3,70.25,86.33,67.17,82.89,PlanExecute,Single-slot,ReAct,Reflection
0.1,0.4,0.25,0.25,68.58,86.32,70.13,83.3,PlanExecute,Single-slot,Reflection,ReAct
0.1,0.4,0.3,0.2,66.91,86.31,73.08,83.71,PlanExecute,Single-slot,Reflection,ReAct
0.1,0.4,0.35,0.15,65.24,86.3,76.03,84.12,PlanExecute,Single-slot,Reflection,ReAct
0.1,0.4,0.4,0.1,63.57,86.3,78.98,84.53,PlanExecute,Single-slot,Reflection,ReAct
0.1,0.4,0.45,0.05,61.9,86.29,81.93,84.93,PlanExecute,Single-slot,Reflection,ReAct
0.1,0.45,0.05,0.4,73.0,85.33,59.96,80.86,PlanExecute,Single-slot,ReAct,Reflection
0.1,0.45,0.1,0.35,71.33,85.32,62.93,81.27,PlanExecute,Single-slot,ReAct,Reflection
0.1,0.45,0.15,0.3,69.66,85.31,65.88,81.68,PlanExecute,Single-slot,ReAct,Reflection
0.1,0.45,0.2,0.25,67.99,85.3,68.83,82.09,PlanExecute,Single-slot,Reflection,ReAct
0.1,0.45,0.25,0.2,66.32,85.29,71.78,82.5,PlanExecute,Single-slot,Reflection,ReAct
0.1,0.45,0.3,0.15,64.65,85.28,74.73,82.91,PlanExecute,Single-slot,Reflection,ReAct
0.1,0.45,0.35,0.1,62.97,85.27,77.69,83.32,PlanExecute,Single-slot,Reflection,ReAct
0.1,0.45,0.4,0.05,61.3,85.26,80.64,83.72,PlanExecute,Single-slot,Reflection,ReAct
0.1,0.5,0.05,0.35,70.73,84.3,61.63,80.06,PlanExecute,Single-slot,ReAct,Reflection
0.1,0.5,0.1,0.3,69.06,84.29,64.58,80.47,PlanExecute,Single-slot,ReAct,Reflection
0.1,0.5,0.15,0.25,67.39,84.28,67.54,80.88,PlanExecute,Single-slot,Reflection,ReAct
0.1,0.5,0.2,0.2,65.72,84.27,70.49,81.29,PlanExecute,Single-slot,Reflection,ReAct
0.1,0.5,0.25,0.15,64.05,84.26,73.44,81.7,PlanExecute,Single-slot,Reflection,ReAct
0.1,0.5,0.3,0.1,62.38,84.25,76.39,82.11,PlanExecute,Single-slot,Reflection,ReAct
0.1,0.5,0.35,0.05,60.71,84.24,79.34,82.52,PlanExecute,Single-slot,Reflection,ReAct
0.1,0.55,0.05,0.3,68.47,83.26,63.29,79.26,PlanExecute,Single-slot,ReAct,Reflection
0.1,0.55,0.1,0.25,66.8,83.25,66.24,79.67,PlanExecute,Single-slot,ReAct,Reflection
0.1,0.55,0.15,0.2,65.13,83.24,69.19,80.08,PlanExecute,Single-slot,Reflection,ReAct
0.1,0.55,0.2,0.15,63.46,83.24,72.15,80.49,PlanExecute,Single-slot,Reflection,ReAct
0.1,0.55,0.25,0.1,61.79,83.23,75.1,80.9,PlanExecute,Single-slot,Reflection,ReAct
0.1,0.55,0.3,0.05,60.12,83.22,78.05,81.31,PlanExecute,Single-slot,Reflection,ReAct
0.1,0.6,0.05,0.25,66.21,82.23,64.95,78.46,PlanExecute,Single-slot,ReAct,Reflection
0.1,0.6,0.1,0.2,64.54,82.22,67.9,78.87,PlanExecute,Single-slot,Reflection,ReAct
0.1,0.6,0.15,0.15,62.87,82.21,70.85,79.28,PlanExecute,Single-slot,Reflection,ReAct
0.1,0.6,0.2,0.1,61.2,82.2,73.8,79.69,PlanExecute,Single-slot,Reflection,ReAct
0.1,0.6,0.25,0.05,59.53,82.19,76.75,80.1,PlanExecute,Single-slot,Reflection,ReAct
0.1,0.65,0.05,0.2,63.94,81.2,66.6,77.66,PlanExecute,Single-slot,Reflection,ReAct
0.1,0.65,0.1,0.15,62.27,81.19,69.56,78.07,PlanExecute,Single-slot,Reflection,ReAct
0.1,0.65,0.15,0.1,60.6,81.18,72.51,78.48,PlanExecute,Single-slot,Reflection,ReAct
0.1,0.65,0.2,0.05,58.93,81.17,75.46,78.89,PlanExecute,Single-slot,Reflection,ReAct
0.1,0.7,0.05,0.15,61.68,80.17,68.26,76.86,PlanExecute,Single-slot,Reflection,ReAct
0.1,0.7,0.1,0.1,60.01,80.16,71.21,77.27,PlanExecute,Single-slot,Reflection,ReAct
0.1,0.7,0.15,0.05,58.34,80.15,74.17,77.68,PlanExecute,Single-slot,Reflection,ReAct
0.1,0.75,0.05,0.1,59.42,79.13,69.92,76.06,PlanExecute,Single-slot,Reflection,ReAct
0.1,0.75,0.1,0.05,57.75,79.12,72.87,76.47,PlanExecute,Single-slot,Reflection,ReAct
0.1,0.8,0.05,0.05,57.16,78.1,71.58,75.26,PlanExecute,Single-slot,Reflection,ReAct
0.15,0.05,0.05,0.75,89.0,91.43,47.39,85.35,PlanExecute,ReAct,Single-slot,Reflection
0.15,0.05,0.1,0.7,87.33,91.42,50.37,85.76,PlanExecute,ReAct,Single-slot,Reflection
0.15,0.05,0.15,0.65,85.66,91.41,53.35,86.17,PlanExecute,Single-slot,ReAct,Reflection
0.15,0.05,0.2,0.6,83.99,91.4,56.33,86.58,PlanExecute,Single-slot,ReAct,Reflection
0.15,0.05,0.25,0.55,82.32,91.39,59.29,86.99,PlanExecute,Single-slot,ReAct,Reflection
0.15,0.05,0.3,0.5,80.65,91.38,62.25,87.4,PlanExecute,Single-slot,ReAct,Reflection
0.15,0.05,0.35,0.45,78.98,91.37,65.2,87.8,PlanExecute,Single-slot,ReAct,Reflection
0.15,0.05,0.4,0.4,77.31,91.36,68.15,88.21,PlanExecute,Single-slot,ReAct,Reflection
0.15,0.05,0.45,0.35,75.64,91.35,71.1,88.62,PlanExecute,Single-slot,ReAct,Reflection
0.15,0.05,0.5,0.3,73.97,91.34,74.05,89.03,PlanExecute,Single-slot,Reflection,ReAct
0.15,0.05,0.55,0.25,72.3,91.33,77.01,89.44,PlanExecute,Single-slot,Reflection,ReAct
0.15,0.05,0.6,0.2,70.63,91.32,79.96,89.85,PlanExecute,Single-slot,Reflection,ReAct
0.15,0.05,0.65,0.15,68.96,91.31,82.91,90.26,PlanExecute,Single-slot,Reflection,ReAct
0.15,0.05,0.7,0.1,67.28,91.3,85.86,90.67,PlanExecute,Single-slot,Reflection,ReAct
0.15,0.05,0.75,0.05,65.61,91.29,88.81,91.08,PlanExecute,Single-slot,Reflection,ReAct
0.15,0.1,0.05,0.7,86.74,90.39,49.06,84.55,PlanExecute,ReAct,Single-slot,Reflection
0.15,0.1,0.1,0.65,85.07,90.38,52.04,84.96,PlanExecute,ReAct,Single-slot,Reflection
0.15,0.1,0.15,0.6,83.4,90.38,55.02,85.37,PlanExecute,Single-slot,ReAct,Reflection
0.15,0.1,0.2,0.55,81.73,90.37,58.0,85.78,PlanExecute,Single-slot,ReAct,Reflection
0.15,0.1,0.25,0.5,80.06,90.36,60.95,86.19,PlanExecute,Single-slot,ReAct,Reflection
0.15,0.1,0.3,0.45,78.38,90.35,63.9,86.59,PlanExecute,Single-slot,ReAct,Reflection
0.15,0.1,0.35,0.4,76.71,90.34,66.86,87.0,PlanExecute,Single-slot,ReAct,Reflection
0.15,0.1,0.4,0.35,75.04,90.33,69.81,87.41,PlanExecute,Single-slot,ReAct,Reflection
0.15,0.1,0.45,0.3,73.37,90.32,72.76,87.82,PlanExecute,Single-slot,ReAct,Reflection
0.15,0.1,0.5,0.25,71.7,90.31,75.71,88.23,PlanExecute,Single-slot,Reflection,ReAct
0.15,0.1,0.55,0.2,70.03,90.3,78.66,88.64,PlanExecute,Single-slot,Reflection,ReAct
0.15,0.1,0.6,0.15,68.36,90.29,81.61,89.05,PlanExecute,Single-slot,Reflection,ReAct
0.15,0.1,0.65,0.1,66.69,90.28,84.57,89.46,PlanExecute,Single-slot,Reflection,ReAct
0.15,0.1,0.7,0.05,65.02,90.27,87.52,89.87,PlanExecute,Single-slot,Reflection,ReAct
0.15,0.15,0.05,0.65,84.47,89.36,50.73,83.75,PlanExecute,ReAct,Single-slot,Reflection
0.15,0.15,0.1,0.6,82.8,89.35,53.71,84.16,PlanExecute,Single-slot,ReAct,Reflection
0.15,0.15,0.15,0.55,81.13,89.34,56.69,84.57,PlanExecute,Single-slot,ReAct,Reflection
0.15,0.15,0.2,0.5,79.46,89.33,59.66,84.98,PlanExecute,Single-slot,ReAct,Reflection
0.15,0.15,0.25,0.45,77.79,89.32,62.61,85.39,PlanExecute,Single-slot,ReAct,Reflection
0.15,0.15,0.3,0.4,76.12,89.31,65.56,85.79,PlanExecute,Single-slot,ReAct,Reflection
0.15,0.15,0.35,0.35,74.45,89.31,68.51,86.2,PlanExecute,Single-slot,ReAct,Reflection
0.15,0.15,0.4,0.3,72.78,89.3,71.46,86.61,PlanExecute,Single-slot,ReAct,Reflection
0.15,0.15,0.45,0.25,71.11,89.29,74.42,87.02,PlanExecute,Single-slot,Reflection,ReAct
0.15,0.15,0.5,0.2,69.44,89.28,77.37,87.43,PlanExecute,Single-slot,Reflection,ReAct
0.15,0.15,0.55,0.15,67.77,89.27,80.32,87.84,PlanExecute,Single-slot,Reflection,ReAct
0.15,0.15,0.6,0.1,66.1,89.26,83.27,88.25,PlanExecute,Single-slot,Reflection,ReAct
0.15,0.15,0.65,0.05,64.43,89.25,86.22,88.66,PlanExecute,Single-slot,Reflection,ReAct
0.15,0.2,0.05,0.6,82.21,88.33,52.4,82.95,PlanExecute,Single-slot,ReAct,Reflection
0.15,0.2,0.1,0.55,80.54,88.32,55.38,83.36,PlanExecute,Single-slot,ReAct,Reflection
0.15,0.2,0.15,0.5,78.87,88.31,58.36,83.77,PlanExecute,Single-slot,ReAct,Reflection
0.15,0.2,0.2,0.45,77.2,88.3,61.32,84.18,PlanExecute,Single-slot,ReAct,Reflection
0.15,0.2,0.25,0.4,75.53,88.29,64.27,84.58,PlanExecute,Single-slot,ReAct,Reflection
0.15,0.2,0.3,0.35,73.86,88.28,67.22,84.99,PlanExecute,Single-slot,ReAct,Reflection
0.15,0.2,0.35,0.3,72.19,88.27,70.17,85.4,PlanExecute,Single-slot,ReAct,Reflection
0.15,0.2,0.4,0.25,70.52,88.26,73.12,85.81,PlanExecute,Single-slot,Reflection,ReAct
0.15,0.2,0.45,0.2,68.85,88.25,76.07,86.22,PlanExecute,Single-slot,Reflection,ReAct
0.15,0.2,0.5,0.15,67.18,88.24,79.03,86.63,PlanExecute,Single-slot,Reflection,ReAct
0.15,0.2,0.55,0.1,65.51,88.23,81.98,87.04,PlanExecute,Single-slot,Reflection,ReAct
0.15,0.2,0.6,0.05,63.84,88.23,84.93,87.45,PlanExecute,Single-slot,Reflection,ReAct
0.15,0.25,0.05,0.55,79.95,87.3,54.07,82.15,PlanExecute,Single-slot,ReAct,Reflection
0.15,0.25,0.1,0.5,78.28,87.29,57.05,82.56,PlanExecute,Single-slot,ReAct,Reflection
0.15,0.25,0.15,0.45,76.61,87.28,60.02,82.97,PlanExecute,Single-slot,ReAct,Reflection
0.15,0.25,0.2,0.4,74.94,87.27,62.97,83.38,PlanExecute,Single-slot,ReAct,Reflection
0.15,0.25,0.25,0.35,73.27,87.26,65.92,83.78,PlanExecute,Single-slot,ReAct,Reflection
0.15,0.25,0.3,0.3,71.6,87.25,68.88,84.19,PlanExecute,Single-slot,ReAct,Reflection
0.15,0.25,0.35,0.25,69.92,87.24,71.83,84.6,PlanExecute,Single-slot,Reflection,ReAct
0.15,0.25,0.4,0.2,68.25,87.23,74.78,85.01,PlanExecute,Single-slot,Reflection,ReAct
0.15,0.25,0.45,0.15,66.58,87.22,77.73,85.42,PlanExecute,Single-slot,Reflection,ReAct
0.15,0.25,0.5,0.1,64.91,87.21,80.68,85.83,PlanExecute,Single-slot,Reflection,ReAct
0.15,0.25,0.55,0.05,63.24,87.2,83.63,86.24,PlanExecute,Single-slot,Reflection,ReAct
0.15,0.3,0.05,0.5,77.68,86.26,55.74,81.35,PlanExecute,Single-slot,ReAct,Reflection
0.15,0.3,0.1,0.45,76.01,86.25,58.72,81.76,PlanExecute,Single-slot,ReAct,Reflection
0.15,0.3,0.15,0.4,74.34,86.25,61.68,82.17,PlanExecute,Single-slot,ReAct,Reflection
0.15,0.3,0.2,0.35,72.67,86.24,64.63,82.58,PlanExecute,Single-slot,ReAct,Reflection
0.15,0.3,0.25,0.3,71.0,86.23,67.58,82.98,PlanExecute,Single-slot,ReAct,Reflection
0.15,0.3,0.3,0.25,69.33,86.22,70.53,83.39,PlanExecute,Single-slot,Reflection,ReAct
0.15,0.3,0.35,0.2,67.66,86.21,73.49,83.8,PlanExecute,Single-slot,Reflection,ReAct
0.15,0.3,0.4,0.15,65.99,86.2,76.44,84.21,PlanExecute,Single-slot,Reflection,ReAct
0.15,0.3,0.45,0.1,64.32,86.19,79.39,84.62,PlanExecute,Single-slot,Reflection,ReAct
0.15,0.3,0.5,0.05,62.65,86.18,82.34,85.03,PlanExecute,Single-slot,Reflection,ReAct
0.15,0.35,0.05,0.45,75.42,85.23,57.4,80.55,PlanExecute,Single-slot,ReAct,Reflection
0.15,0.35,0.1,0.4,73.75,85.22,60.38,80.96,PlanExecute,Single-slot,ReAct,Reflection
0.15,0.35,0.15,0.35,72.08,85.21,63.34,81.37,PlanExecute,Single-slot,ReAct,Reflection
0.15,0.35,0.2,0.3,70.41,85.2,66.29,81.77,PlanExecute,Single-slot,ReAct,Reflection
0.15,0.35,0.25,0.25,68.74,85.19,69.24,82.18,PlanExecute,Single-slot,Reflection,ReAct
0.15,0.35,0.3,0.2,67.07,85.18,72.19,82.59,PlanExecute,Single-slot,Reflection,ReAct
0.15,0.35,0.35,0.15,65.4,85.17,75.14,83.0,PlanExecute,Single-slot,Reflection,ReAct
0.15,0.35,0.4,0.1,63.73,85.17,78.09,83.41,PlanExecute,Single-slot,Reflection,ReAct
0.15,0.35,0.45,0.05,62.06,85.16,81.05,83.82,PlanExecute,Single-slot,Reflection,ReAct
0.15,0.4,0.05,0.4,73.16,84.2,59.07,79.75,PlanExecute,Single-slot,ReAct,Reflection
0.15,0.4,0.1,0.35,71.49,84.19,62.04,80.16,PlanExecute,Single-slot,ReAct,Reflection
0.15,0.4,0.15,0.3,69.82,84.18,64.99,80.57,PlanExecute,Single-slot,ReAct,Reflection
0.15,0.4,0.2,0.25,68.15,84.17,67.94,80.97,PlanExecute,Single-slot,ReAct,Reflection
0.15,0.4,0.25,0.2,66.48,84.16,70.9,81.38,PlanExecute,Single-slot,Reflection,ReAct
0.15,0.4,0.3,0.15,64.81,84.15,73.85,81.79,PlanExecute,Single-slot,Reflection,ReAct
0.15,0.4,0.35,0.1,63.14,84.14,76.8,82.2,PlanExecute,Single-slot,Reflection,ReAct
0.15,0.4,0.4,0.05,61.47,84.13,79.75,82.61,PlanExecute,Single-slot,Reflection,ReAct
0.15,0.45,0.05,0.35,70.89,83.17,60.74,78.95,PlanExecute,Single-slot,ReAct,Reflection
0.15,0.45,0.1,0.3,69.22,83.16,63.7,79.36,PlanExecute,Single-slot,ReAct,Reflection
0.15,0.45,0.15,0.25,67.55,83.15,66.65,79.76,PlanExecute,Single-slot,ReAct,Reflection
0.15,0.45,0.2,0.2,65.88,83.14,69.6,80.17,PlanExecute,Single-slot,Reflection,ReAct
0.15,0.45,0.25,0.15,64.21,83.13,72.55,80.58,PlanExecute,Single-slot,Reflection,ReAct
0.15,0.45,0.3,0.1,62.54,83.12,75.51,80.99,PlanExecute,Single-slot,Reflection,ReAct
0.15,0.45,0.35,0.05,60.87,83.11,78.46,81.4,PlanExecute,Single-slot,Reflection,ReAct
0.15,0.5,0.05,0.3,68.63,82.13,62.4,78.15,PlanExecute,Single-slot,ReAct,Reflection
0.15,0.5,0.1,0.25,66.96,82.12,65.36,78.56,PlanExecute,Single-slot,ReAct,Reflection
0.15,0.5,0.15,0.2,65.29,82.11,68.31,78.96,PlanExecute,Single-slot,Reflection,ReAct
0.15,0.5,0.2,0.15,63.62,82.11,71.26,79.37,PlanExecute,Single-slot,Reflection,ReAct
0.15,0.5,0.25,0.1,61.95,82.1,74.21,79.78,PlanExecute,Single-slot,Reflection,ReAct
0.15,0.5,0.3,0.05,60.28,82.09,77.16,80.19,PlanExecute,Single-slot,Reflection,ReAct
0.15,0.55,0.05,0.25,66.37,81.1,64.06,77.35,PlanExecute,Single-slot,ReAct,Reflection
0.15,0.55,0.1,0.2,64.7,81.09,67.01,77.75,PlanExecute,Single-slot,Reflection,ReAct
0.15,0.55,0.15,0.15,63.03,81.08,69.96,78.16,PlanExecute,Single-slot,Reflection,ReAct
0.15,0.55,0.2,0.1,61.36,81.07,72.92,78.57,PlanExecute,Single-slot,Reflection,ReAct
0.15,0.55,0.25,0.05,59.69,81.06,75.87,78.98,PlanExecute,Single-slot,Reflection,ReAct
0.15,0.6,0.05,0.2,64.11,80.07,65.72,76.55,PlanExecute,Single-slot,Reflection,ReAct
0.15,0.6,0.1,0.15,62.43,80.06,68.67,76.95,PlanExecute,Single-slot,Reflection,ReAct
0.15,0.6,0.15,0.1,60.76,80.05,71.62,77.36,PlanExecute,Single-slot,Reflection,ReAct
0.15,0.6,0.2,0.05,59.09,80.04,74.57,77.77,PlanExecute,Single-slot,Reflection,ReAct
0.15,0.65,0.05,0.15,61.84,79.04,67.38,75.75,PlanExecute,Single-slot,Reflection,ReAct
0.15,0.65,0.1,0.1,60.17,79.03,70.33,76.15,PlanExecute,Single-slot,Reflection,ReAct
0.15,0.65,0.15,0.05,58.5,79.02,73.28,76.56,PlanExecute,Single-slot,Reflection,ReAct
0.15,0.7,0.05,0.1,59.58,78.0,69.03,74.94,PlanExecute,Single-slot,Reflection,ReAct
0.15,0.7,0.1,0.05,57.91,77.99,71.99,75.35,PlanExecute,Single-slot,Reflection,ReAct
0.15,0.75,0.05,0.05,57.32,76.97,70.69,74.14,PlanExecute,Single-slot,Reflection,ReAct
0.2,0.05,0.05,0.7,86.9,89.26,48.17,83.44,PlanExecute,ReAct,Single-slot,Reflection
0.2,0.05,0.1,0.65,85.23,89.26,51.15,83.84,PlanExecute,ReAct,Single-slot,Reflection
0.2,0.05,0.15,0.6,83.56,89.25,54.13,84.25,PlanExecute,Single-slot,ReAct,Reflection
0.2,0.05,0.2,0.55,81.89,89.24,57.11,84.66,PlanExecute,Single-slot,ReAct,Reflection
0.2,0.05,0.25,0.5,80.22,89.23,60.07,85.07,PlanExecute,Single-slot,ReAct,Reflection
0.2,0.05,0.3,0.45,78.55,89.22,63.02,85.48,PlanExecute,Single-slot,ReAct,Reflection
0.2,0.05,0.35,0.4,76.88,89.21,65.97,85.89,PlanExecute,Single-slot,ReAct,Reflection
0.2,0.05,0.4,0.35,75.2,89.2,68.92,86.3,PlanExecute,Single-slot,ReAct,Reflection
0.2,0.05,0.45,0.3,73.53,89.19,71.87,86.71,PlanExecute,Single-slot,ReAct,Reflection
0.2,0.05,0.5,0.25,71.86,89.18,74.82,87.12,PlanExecute,Single-slot,Reflection,ReAct
0.2,0.05,0.55,0.2,70.19,89.17,77.78,87.52,PlanExecute,Single-slot,Reflection,ReAct
0.2,0.05,0.6,0.15,68.52,89.16,80.73,87.93,PlanExecute,Single-slot,Reflection,ReAct
0.2,0.05,0.65,0.1,66.85,89.15,83.68,88.34,PlanExecute,Single-slot,Reflection,ReAct
0.2,0.05,0.7,0.05,65.18,89.14,86.63,88.75,PlanExecute,Single-slot,Reflection,ReAct
0.2,0.1,0.05,0.65,84.63,88.23,49.84,82.63,PlanExecute,ReAct,Single-slot,Reflection
0.2,0.1,0.1,0.6,82.96,88.22,52.82,83.04,PlanExecute,Single-slot,ReAct,Reflection
0.2,0.1,0.15,0.55,81.29,88.21,55.8,83.45,PlanExecute,Single-slot,ReAct,Reflection
0.2,0.1,0.2,0.5,79.62,88.2,58.77,83.86,PlanExecute,Single-slot,ReAct,Reflection
0.2,0.1,0.25,0.45,77.95,88.19,61.72,84.27,PlanExecute,Single-slot,ReAct,Reflection
0.2,0.1,0.3,0.4,76.28,88.18,64.68,84.68,PlanExecute,Single-slot,ReAct,Reflection
0.2,0.1,0.35,0.35,74.61,88.18,67.63,85.09,PlanExecute,Single-slot,ReAct,Reflection
0.2,0.1,0.4,0.3,72.94,88.17,70.58,85.5,PlanExecute,Single-slot,ReAct,Reflection
0.2,0.1,0.45,0.25,71.27,88.16,73.53,85.91,PlanExecute,Single-slot,Reflection,ReAct
0.2,0.1,0.5,0.2,69.6,88.15,76.48,86.32,PlanExecute,Single-slot,Reflection,ReAct
0.2,0.1,0.55,0.15,67.93,88.14,79.43,86.72,PlanExecute,Single-slot,Reflection,ReAct
0.2,0.1,0.6,0.1,66.26,88.13,82.39,87.13,PlanExecute,Single-slot,Reflection,ReAct
0.2,0.1,0.65,0.05,64.59,88.12,85.34,87.54,PlanExecute,Single-slot,Reflection,ReAct
0.2,0.15,0.05,0.6,82.37,87.2,51.51,81.83,PlanExecute,ReAct,Single-slot,Reflection
0.2,0.15,0.1,0.55,80.7,87.19,54.49,82.24,PlanExecute,Single-slot,ReAct,Reflection
0.2,0.15,0.15,0.5,79.03,87.18,57.47,82.65,PlanExecute,Single-slot,ReAct,Reflection
0.2,0.15,0.2,0.45,77.36,87.17,60.43,83.06,PlanExecute,Single-slot,ReAct,Reflection
0.2,0.15,0.25,0.4,75.69,87.16,63.38,83.47,PlanExecute,Single-slot,ReAct,Reflection
0.2,0.15,0.3,0.35,74.02,87.15,66.33,83.88,PlanExecute,Single-slot,ReAct,Reflection
0.2,0.15,0.35,0.3,72.35,87.14,69.28,84.29,PlanExecute,Single-slot,ReAct,Reflection
0.2,0.15,0.4,0.25,70.68,87.13,72.24,84.7,PlanExecute,Single-slot,Reflection,ReAct
0.2,0.15,0.45,0.2,69.01,87.12,75.19,85.11,PlanExecute,Single-slot,Reflection,ReAct
0.2,0.15,0.5,0.15,67.34,87.11,78.14,85.51,PlanExecute,Single-slot,Reflection,ReAct
0.2,0.15,0.55,0.1,65.67,87.11,81.09,85.92,PlanExecute,Single-slot,Reflection,ReAct
0.2,0.15,0.6,0.05,64.0,87.1,84.04,86.33,PlanExecute,Single-slot,Reflection,ReAct
0.2,0.2,0.05,0.55,80.11,86.17,53.18,81.03,PlanExecute,Single-slot,ReAct,Reflection
0.2,0.2,0.1,0.5,78.44,86.16,56.16,81.44,PlanExecute,Single-slot,ReAct,Reflection
0.2,0.2,0.15,0.45,76.77,86.15,59.13,81.85,PlanExecute,Single-slot,ReAct,Reflection
0.2,0.2,0.2,0.4,75.1,86.14,62.09,82.26,PlanExecute,Single-slot,ReAct,Reflection
0.2,0.2,0.25,0.35,73.43,86.13,65.04,82.67,PlanExecute,Single-slot,ReAct,Reflection
0.2,0.2,0.3,0.3,71.76,86.12,67.99,83.08,PlanExecute,Single-slot,ReAct,Reflection
0.2,0.2,0.35,0.25,70.09,86.11,70.94,83.49,PlanExecute,Single-slot,Reflection,ReAct
0.2,0.2,0.4,0.2,68.42,86.1,73.89,83.9,PlanExecute,Single-slot,Reflection,ReAct
0.2,0.2,0.45,0.15,66.74,86.09,76.85,84.31,PlanExecute,Single-slot,Reflection,ReAct
0.2,0.2,0.5,0.1,65.07,86.08,79.8,84.71,PlanExecute,Single-slot,Reflection,ReAct
0.2,0.2,0.55,0.05,63.4,86.07,82.75,85.12,PlanExecute,Single-slot,Reflection,ReAct
0.2,0.25,0.05,0.5,77.84,85.13,54.85,80.23,PlanExecute,Single-slot,ReAct,Reflection
0.2,0.25,0.1,0.45,76.17,85.12,57.83,80.64,PlanExecute,Single-slot,ReAct,Reflection
0.2,0.25,0.15,0.4,74.5,85.12,60.79,81.05,PlanExecute,Single-slot,ReAct,Reflection
0.2,0.25,0.2,0.35,72.83,85.11,63.74,81.46,PlanExecute,Single-slot,ReAct,Reflection
0.2,0.25,0.25,0.3,71.16,85.1,66.7,81.87,PlanExecute,Single-slot,ReAct,Reflection
0.2,0.25,0.3,0.25,69.49,85.09,69.65,82.28,PlanExecute,Single-slot,Reflection,ReAct
0.2,0.25,0.35,0.2,67.82,85.08,72.6,82.69,PlanExecute,Single-slot,Reflection,ReAct
0.2,0.25,0.4,0.15,66.15,85.07,75.55,83.1,PlanExecute,Single-slot,Reflection,ReAct
0.2,0.25,0.45,0.1,64.48,85.06,78.5,83.5,PlanExecute,Single-slot,Reflection,ReAct
0.2,0.25,0.5,0.05,62.81,85.05,81.45,83.91,PlanExecute,Single-slot,Reflection,ReAct
0.2,0.3,0.05,0.45,75.58,84.1,56.52,79.43,PlanExecute,Single-slot,ReAct,Reflection
0.2,0.3,0.1,0.4,73.91,84.09,59.5,79.84,PlanExecute,Single-slot,ReAct,Reflection
0.2,0.3,0.15,0.35,72.24,84.08,62.45,80.25,PlanExecute,Single-slot,ReAct,Reflection
0.2,0.3,0.2,0.3,70.57,84.07,65.4,80.66,PlanExecute,Single-slot,ReAct,Reflection
0.2,0.3,0.25,0.25,68.9,84.06,68.35,81.07,PlanExecute,Single-slot,ReAct,Reflection
0.2,0.3,0.3,0.2,67.23,84.05,71.3,81.48,PlanExecute,Single-slot,Reflection,ReAct
0.2,0.3,0.35,0.15,65.56,84.05,74.26,81.89,PlanExecute,Single-slot,Reflection,ReAct
0.2,0.3,0.4,0.1,63.89,84.04,77.21,82.3,PlanExecute,Single-slot,Reflection,ReAct
0.2,0.3,0.45,0.05,62.22,84.03,80.16,82.7,PlanExecute,Single-slot,Reflection,ReAct
0.2,0.35,0.05,0.4,73.32,83.07,58.18,78.63,PlanExecute,Single-slot,ReAct,Reflection
0.2,0.35,0.1,0.35,71.65,83.06,61.15,79.04,PlanExecute,Single-slot,ReAct,Reflection
0.2,0.35,0.15,0.3,69.98,83.05,64.11,79.45,PlanExecute,Single-slot,ReAct,Reflection
0.2,0.35,0.2,0.25,68.31,83.04,67.06,79.86,PlanExecute,Single-slot,ReAct,Reflection
0.2,0.35,0.25,0.2,66.64,83.03,70.01,80.27,PlanExecute,Single-slot,Reflection,ReAct
0.2,0.35,0.3,0.15,64.97,83.02,72.96,80.68,PlanExecute,Single-slot,Reflection,ReAct
0.2,0.35,0.35,0.1,63.3,83.01,75.91,81.09,PlanExecute,Single-slot,Reflection,ReAct
0.2,0.35,0.4,0.05,61.63,83.0,78.87,81.5,PlanExecute,Single-slot,Reflection,ReAct
0.2,0.4,0.05,0.35,71.06,82.04,59.85,77.83,PlanExecute,Single-slot,ReAct,Reflection
0.2,0.4,0.1,0.3,69.38,82.03,62.81,78.24,PlanExecute,Single-slot,ReAct,Reflection
0.2,0.4,0.15,0.25,67.71,82.02,65.76,78.65,PlanExecute,Single-slot,ReAct,Reflection
0.2,0.4,0.2,0.2,66.04,82.01,68.72,79.06,PlanExecute,Single-slot,Reflection,ReAct
0.2,0.4,0.25,0.15,64.37,82.0,71.67,79.47,PlanExecute,Single-slot,Reflection,ReAct
0.2,0.4,0.3,0.1,62.7,81.99,74.62,79.88,PlanExecute,Single-slot,Reflection,ReAct
0.2,0.4,0.35,0.05,61.03,81.98,77.57,80.29,PlanExecute,Single-slot,Reflection,ReAct
0.2,0.45,0.05,0.3,68.79,81.0,61.52,77.03,PlanExecute,Single-slot,ReAct,Reflection
0.2,0.45,0.1,0.25,67.12,80.99,64.47,77.44,PlanExecute,Single-slot,ReAct,Reflection
0.2,0.45,0.15,0.2,65.45,80.99,67.42,77.85,PlanExecute,Single-slot,Reflection,ReAct
0.2,0.45,0.2,0.15,63.78,80.98,70.37,78.26,PlanExecute,Single-slot,Reflection,ReAct
0.2,0.45,0.25,0.1,62.11,80.97,73.33,78.67,PlanExecute,Single-slot,Reflection,ReAct
0.2,0.45,0.3,0.05,60.44,80.96,76.28,79.08,PlanExecute,Single-slot,Reflection,ReAct
0.2,0.5,0.05,0.25,66.53,79.97,63.18,76.23,PlanExecute,Single-slot,ReAct,Reflection
0.2,0.5,0.1,0.2,64.86,79.96,66.13,76.64,PlanExecute,Single-slot,Reflection,ReAct
0.2,0.5,0.15,0.15,63.19,79.95,69.08,77.05,PlanExecute,Single-slot,Reflection,ReAct
0.2,0.5,0.2,0.1,61.52,79.94,72.03,77.46,PlanExecute,Single-slot,Reflection,ReAct
0.2,0.5,0.25,0.05,59.85,79.93,74.98,77.87,PlanExecute,Single-slot,Reflection,ReAct
0.2,0.55,0.05,0.2,64.27,78.94,64.83,75.43,PlanExecute,Single-slot,Reflection,ReAct
0.2,0.55,0.1,0.15,62.6,78.93,67.78,75.84,PlanExecute,Single-slot,Reflection,ReAct
0.2,0.55,0.15,0.1,60.93,78.92,70.74,76.25,PlanExecute,Single-slot,Reflection,ReAct
0.2,0.55,0.2,0.05,59.25,78.91,73.69,76.66,PlanExecute,Single-slot,Reflection,ReAct
0.2,0.6,0.05,0.15,62.0,77.91,66.49,74.63,PlanExecute,Single-slot,Reflection,ReAct
0.2,0.6,0.1,0.1,60.33,77.9,69.44,75.04,PlanExecute,Single-slot,Reflection,ReAct
0.2,0.6,0.15,0.05,58.66,77.89,72.39,75.45,PlanExecute,Single-slot,Reflection,ReAct
0.2,0.65,0.05,0.1,59.74,76.87,68.15,73.83,PlanExecute,Single-slot,Reflection,ReAct
0.2,0.65,0.1,0.05,58.07,76.86,71.1,74.24,PlanExecute,Single-slot,Reflection,ReAct
0.2,0.7,0.05,0.05,57.48,75.84,69.8,73.03,PlanExecute,Single-slot,Reflection,ReAct
0.25,0.05,0.05,0.65,84.79,87.1,48.95,81.52,PlanExecute,ReAct,Single-slot,Reflection
0.25,0.05,0.1,0.6,83.12,87.09,51.93,81.93,PlanExecute,ReAct,Single-slot,Reflection
0.25,0.05,0.15,0.55,81.45,87.08,54.91,82.34,PlanExecute,Single-slot,ReAct,Reflection
0.25,0.05,0.2,0.5,79.78,87.07,57.89,82.75,PlanExecute,Single-slot,ReAct,Reflection
0.25,0.05,0.25,0.45,78.11,87.06,60.84,83.16,PlanExecute,Single-slot,ReAct,Reflection
0.25,0.05,0.3,0.4,76.44,87.06,63.79,83.56,PlanExecute,Single-slot,ReAct,Reflection
0.25,0.05,0.35,0.35,74.77,87.05,66.74,83.97,PlanExecute,Single-slot,ReAct,Reflection
0.25,0.05,0.4,0.3,73.1,87.04,69.69,84.38,PlanExecute,Single-slot,ReAct,Reflection
0.25,0.05,0.45,0.25,71.43,87.03,72.64,84.79,PlanExecute,Single-slot,Reflection,ReAct
0.25,0.05,0.5,0.2,69.76,87.02,75.6,85.2,PlanExecute,Single-slot,Reflection,ReAct
0.25,0.05,0.55,0.15,68.09,87.01,78.55,85.61,PlanExecute,Single-slot,Reflection,ReAct
0.25,0.05,0.6,0.1,66.42,87.0,81.5,86.02,PlanExecute,Single-slot,Reflection,ReAct
0.25,0.05,0.65,0.05,64.75,86.99,84.45,86.43,PlanExecute,Single-slot,Reflection,ReAct
0.25,0.1,0.05,0.6,82.53,86.07,50.62,80.72,PlanExecute,ReAct,Single-slot,Reflection
0.25,0.1,0.1,0.55,80.86,86.06,53.6,81.13,PlanExecute,Single-slot,ReAct,Reflection
0.25,0.1,0.15,0.5,79.19,86.05,56.58,81.54,PlanExecute,Single-slot,ReAct,Reflection
0.25,0.1,0.2,0.45,77.52,86.04,59.54,81.95,PlanExecute,Single-slot,ReAct,Reflection
0.25,0.1,0.25,0.4,75.85,86.03,62.49,82.36,PlanExecute,Single-slot,ReAct,Reflection
0.25,0.1,0.3,0.35,74.18,86.02,65.45,82.76,PlanExecute,Single-slot,ReAct,Reflection
0.25,0.1,0.35,0.3,72.51,86.01,68.4,83.17,PlanExecute,Single-slot,ReAct,Reflection
0.25,0.1,0.4,0.25,70.84,86.0,71.35,83.58,PlanExecute,Single-slot,Reflection,ReAct
0.25,0.1,0.45,0.2,69.17,85.99,74.3,83.99,PlanExecute,Single-slot,Reflection,ReAct
0.25,0.1,0.5,0.15,67.5,85.99,77.25,84.4,PlanExecute,Single-slot,Reflection,ReAct
0.25,0.1,0.55,0.1,65.83,85.98,80.21,84.81,PlanExecute,Single-slot,Reflection,ReAct
0.25,0.1,0.6,0.05,64.16,85.97,83.16,85.22,PlanExecute,Single-slot,Reflection,ReAct
0.25,0.15,0.05,0.55,80.27,85.04,52.29,79.92,PlanExecute,ReAct,Single-slot,Reflection
0.25,0.15,0.1,0.5,78.6,85.03,55.27,80.33,PlanExecute,Single-slot,ReAct,Reflection
0.25,0.15,0.15,0.45,76.93,85.02,58.25,80.74,PlanExecute,Single-slot,ReAct,Reflection
0.25,0.15,0.2,0.4,75.26,85.01,61.2,81.15,PlanExecute,Single-slot,ReAct,Reflection
0.25,0.15,0.25,0.35,73.59,85.0,64.15,81.55,PlanExecute,Single-slot,ReAct,Reflection
0.25,0.15,0.3,0.3,71.92,84.99,67.1,81.96,PlanExecute,Single-slot,ReAct,Reflection
0.25,0.15,0.35,0.25,70.25,84.98,70.06,82.37,PlanExecute,Single-slot,ReAct,Reflection
0.25,0.15,0.4,0.2,68.58,84.97,73.01,82.78,PlanExecute,Single-slot,Reflection,ReAct
0.25,0.15,0.45,0.15,66.91,84.96,75.96,83.19,PlanExecute,Single-slot,Reflection,ReAct
0.25,0.15,0.5,0.1,65.23,84.95,78.91,83.6,PlanExecute,Single-slot,Reflection,ReAct
0.25,0.15,0.55,0.05,63.56,84.94,81.86,84.01,PlanExecute,Single-slot,Reflection,ReAct
0.25,0.2,0.05,0.5,78.01,84.0,53.96,79.12,PlanExecute,Single-slot,ReAct,Reflection
0.25,0.2,0.1,0.45,76.34,84.0,56.94,79.53,PlanExecute,Single-slot,ReAct,Reflection
0.25,0.2,0.15,0.4,74.66,83.99,59.91,79.94,PlanExecute,Single-slot,ReAct,Reflection
0.25,0.2,0.2,0.35,72.99,83.98,62.86,80.35,PlanExecute,Single-slot,ReAct,Reflection
0.25,0.2,0.25,0.3,71.32,83.97,65.81,80.75,PlanExecute,Single-slot,ReAct,Reflection
0.25,0.2,0.3,0.25,69.65,83.96,68.76,81.16,PlanExecute,Single-slot,ReAct,Reflection
0.25,0.2,0.35,0.2,67.98,83.95,71.71,81.57,PlanExecute,Single-slot,Reflection,ReAct
0.25,0.2,0.4,0.15,66.31,83.94,74.66,81.98,PlanExecute,Single-slot,Reflection,ReAct
0.25,0.2,0.45,0.1,64.64,83.93,77.62,82.39,PlanExecute,Single-slot,Reflection,ReAct
0.25,0.2,0.5,0.05,62.97,83.92,80.57,82.8,PlanExecute,Single-slot,Reflection,ReAct
0.25,0.25,0.05,0.45,75.74,82.97,55.63,78.32,PlanExecute,Single-slot,ReAct,Reflection
0.25,0.25,0.1,0.4,74.07,82.96,58.61,78.73,PlanExecute,Single-slot,ReAct,Reflection
0.25,0.25,0.15,0.35,72.4,82.95,61.56,79.14,PlanExecute,Single-slot,ReAct,Reflection
0.25,0.25,0.2,0.3,70.73,82.94,64.52,79.55,PlanExecute,Single-slot,ReAct,Reflection
0.25,0.25,0.25,0.25,69.06,82.93,67.47,79.95,PlanExecute,Single-slot,ReAct,Reflection
0.25,0.25,0.3,0.2,67.39,82.93,70.42,80.36,PlanExecute,Single-slot,Reflection,ReAct
0.25,0.25,0.35,0.15,65.72,82.92,73.37,80.77,PlanExecute,Single-slot,Reflection,ReAct
0.25,0.25,0.4,0.1,64.05,82.91,76.32,81.18,PlanExecute,Single-slot,Reflection,ReAct
0.25,0.25,0.45,0.05,62.38,82.9,79.27,81.59,PlanExecute,Single-slot,Reflection,ReAct
0.25,0.3,0.05,0.4,73.48,81.94,57.3,77.52,PlanExecute,Single-slot,ReAct,Reflection
0.25,0.3,0.1,0.35,71.81,81.93,60.27,77.93,PlanExecute,Single-slot,ReAct,Reflection
0.25,0.3,0.15,0.3,70.14,81.92,63.22,78.34,PlanExecute,Single-slot,ReAct,Reflection
0.25,0.3,0.2,0.25,68.47,81.91,66.17,78.74,PlanExecute,Single-slot,ReAct,Reflection
0.25,0.3,0.25,0.2,66.8,81.9,69.12,79.15,PlanExecute,Single-slot,Reflection,ReAct
0.25,0.3,0.3,0.15,65.13,81.89,72.08,79.56,PlanExecute,Single-slot,Reflection,ReAct
0.25,0.3,0.35,0.1,63.46,81.88,75.03,79.97,PlanExecute,Single-slot,Reflection,ReAct
0.25,0.3,0.4,0.05,61.79,81.87,77.98,80.38,PlanExecute,Single-slot,Reflection,ReAct
0.25,0.35,0.05,0.35,71.22,80.91,58.96,76.72,PlanExecute,Single-slot,ReAct,Reflection
0.25,0.35,0.1,0.3,69.55,80.9,61.93,77.13,PlanExecute,Single-slot,ReAct,Reflection
0.25,0.35,0.15,0.25,67.88,80.89,64.88,77.54,PlanExecute,Single-slot,ReAct,Reflection
0.25,0.35,0.2,0.2,66.2,80.88,67.83,77.94,PlanExecute,Single-slot,Reflection,ReAct
0.25,0.35,0.25,0.15,64.53,80.87,70.78,78.35,PlanExecute,Single-slot,Reflection,ReAct
0.25,0.35,0.3,0.1,62.86,80.86,73.73,78.76,PlanExecute,Single-slot,Reflection,ReAct
0.25,0.35,0.35,0.05,61.19,80.85,76.69,79.17,PlanExecute,Single-slot,Reflection,ReAct
0.25,0.4,0.05,0.3,68.95,79.87,60.63,75.92,PlanExecute,Single-slot,ReAct,Reflection
0.25,0.4,0.1,0.25,67.28,79.87,63.58,76.33,PlanExecute,Single-slot,ReAct,Reflection
0.25,0.4,0.15,0.2,65.61,79.86,66.54,76.73,PlanExecute,Single-slot,Reflection,ReAct
0.25,0.4,0.2,0.15,63.94,79.85,69.49,77.14,PlanExecute,Single-slot,Reflection,ReAct
0.25,0.4,0.25,0.1,62.27,79.84,72.44,77.55,PlanExecute,Single-slot,Reflection,ReAct
0.25,0.4,0.3,0.05,60.6,79.83,75.39,77.96,PlanExecute,Single-slot,Reflection,ReAct
0.25,0.45,0.05,0.25,66.69,78.84,62.29,75.12,PlanExecute,Single-slot,ReAct,Reflection
0.25,0.45,0.1,0.2,65.02,78.83,65.24,75.53,PlanExecute,Single-slot,Reflection,ReAct
0.25,0.45,0.15,0.15,63.35,78.82,68.19,75.93,PlanExecute,Single-slot,Reflection,ReAct
0.25,0.45,0.2,0.1,61.68,78.81,71.14,76.34,PlanExecute,Single-slot,Reflection,ReAct
0.25,0.45,0.25,0.05,60.01,78.8,74.1,76.75,PlanExecute,Single-slot,Reflection,ReAct
0.25,0.5,0.05,0.2,64.43,77.81,63.95,74.32,PlanExecute,Single-slot,ReAct,Reflection
0.25,0.5,0.1,0.15,62.76,77.8,66.9,74.72,PlanExecute,Single-slot,Reflection,ReAct
0.25,0.5,0.15,0.1,61.09,77.79,69.85,75.13,PlanExecute,Single-slot,Reflection,ReAct
0.25,0.5,0.2,0.05,59.42,77.78,72.8,75.54,PlanExecute,Single-slot,Reflection,ReAct
0.25,0.55,0.05,0.15,62.16,76.78,65.6,73.52,PlanExecute,Single-slot,Reflection,ReAct
0.25,0.55,0.1,0.1,60.49,76.77,68.56,73.92,PlanExecute,Single-slot,Reflection,ReAct
0.25,0.55,0.15,0.05,58.82,76.76,71.51,74.33,PlanExecute,Single-slot,Reflection,ReAct
0.25,0.6,0.05,0.1,59.9,75.74,67.26,72.72,PlanExecute,Single-slot,Reflection,ReAct
0.25,0.6,0.1,0.05,58.23,75.74,70.21,73.12,PlanExecute,Single-slot,Reflection,ReAct
0.25,0.65,0.05,0.05,57.64,74.71,68.92,71.91,PlanExecute,Single-slot,Reflection,ReAct
0.3,0.05,0.05,0.6,82.69,84.94,49.73,79.6,PlanExecute,ReAct,Single-slot,Reflection
0.3,0.05,0.1,0.55,81.02,84.93,52.71,80.01,PlanExecute,ReAct,Single-slot,Reflection
0.3,0.05,0.15,0.5,79.35,84.92,55.69,80.42,PlanExecute,Single-slot,ReAct,Reflection
0.3,0.05,0.2,0.45,77.68,84.91,58.66,80.83,PlanExecute,Single-slot,ReAct,Reflection
0.3,0.05,0.25,0.4,76.01,84.9,61.61,81.24,PlanExecute,Single-slot,ReAct,Reflection
0.3,0.05,0.3,0.35,74.34,84.89,64.56,81.65,PlanExecute,Single-slot,ReAct,Reflection
0.3,0.05,0.35,0.3,72.67,84.88,67.51,82.06,PlanExecute,Single-slot,ReAct,Reflection
0.3,0.05,0.4,0.25,71.0,84.87,70.46,82.47,PlanExecute,Single-slot,ReAct,Reflection
0.3,0.05,0.45,0.2,69.33,84.87,73.42,82.88,PlanExecute,Single-slot,Reflection,ReAct
0.3,0.05,0.5,0.15,67.66,84.86,76.37,83.29,PlanExecute,Single-slot,Reflection,ReAct
0.3,0.05,0.55,0.1,65.99,84.85,79.32,83.69,PlanExecute,Single-slot,Reflection,ReAct
0.3,0.05,0.6,0.05,64.32,84.84,82.27,84.1,PlanExecute,Single-slot,Reflection,ReAct
0.3,0.1,0.05,0.55,80.43,83.91,51.4,78.8,PlanExecute,ReAct,Single-slot,Reflection
0.3,0.1,0.1,0.5,78.76,83.9,54.38,79.21,PlanExecute,Single-slot,ReAct,Reflection
0.3,0.1,0.15,0.45,77.09,83.89,57.36,79.62,PlanExecute,Single-slot,ReAct,Reflection
0.3,0.1,0.2,0.4,75.42,83.88,60.31,80.03,PlanExecute,Single-slot,ReAct,Reflection
0.3,0.1,0.25,0.35,73.75,83.87,63.27,80.44,PlanExecute,Single-slot,ReAct,Reflection
0.3,0.1,0.3,0.3,72.08,83.86,66.22,80.85,PlanExecute,Single-slot,ReAct,Reflection
0.3,0.1,0.35,0.25,70.41,83.85,69.17,81.26,PlanExecute,Single-slot,ReAct,Reflection
0.3,0.1,0.4,0.2,68.74,83.84,72.12,81.67,PlanExecute,Single-slot,Reflection,ReAct
0.3,0.1,0.45,0.15,67.07,83.83,75.07,82.08,PlanExecute,Single-slot,Reflection,ReAct
0.3,0.1,0.5,0.1,65.4,83.82,78.02,82.48,PlanExecute,Single-slot,Reflection,ReAct
0.3,0.1,0.55,0.05,63.73,83.81,80.98,82.89,PlanExecute,Single-slot,Reflection,ReAct
0.3,0.15,0.05,0.5,78.17,82.88,53.07,78.0,PlanExecute,ReAct,Single-slot,Reflection
0.3,0.15,0.1,0.45,76.5,82.87,56.05,78.41,PlanExecute,Single-slot,ReAct,Reflection
0.3,0.15,0.15,0.4,74.83,82.86,59.02,78.82,PlanExecute,Single-slot,ReAct,Reflection
0.3,0.15,0.2,0.35,73.15,82.85,61.97,79.23,PlanExecute,Single-slot,ReAct,Reflection
0.3,0.15,0.25,0.3,71.48,82.84,64.92,79.64,PlanExecute,Single-slot,ReAct,Reflection
0.3,0.15,0.3,0.25,69.81,82.83,67.88,80.05,PlanExecute,Single-slot,ReAct,Reflection
0.3,0.15,0.35,0.2,68.14,82.82,70.83,80.46,PlanExecute,Single-slot,Reflection,ReAct
0.3,0.15,0.4,0.15,66.47,82.81,73.78,80.87,PlanExecute,Single-slot,Reflection,ReAct
0.3,0.15,0.45,0.1,64.8,82.8,76.73,81.28,PlanExecute,Single-slot,Reflection,ReAct
0.3,0.15,0.5,0.05,63.13,82.79,79.68,81.68,PlanExecute,Single-slot,Reflection,ReAct
0.3,0.2,0.05,0.45,75.9,81.84,54.74,77.2,PlanExecute,Single-slot,ReAct,Reflection
0.3,0.2,0.1,0.4,74.23,81.83,57.72,77.61,PlanExecute,Single-slot,ReAct,Reflection
0.3,0.2,0.15,0.35,72.56,81.82,60.68,78.02,PlanExecute,Single-slot,ReAct,Reflection
0.3,0.2,0.2,0.3,70.89,81.81,63.63,78.43,PlanExecute,Single-slot,ReAct,Reflection
0.3,0.2,0.25,0.25,69.22,81.81,66.58,78.84,PlanExecute,Single-slot,ReAct,Reflection
0.3,0.2,0.3,0.2,67.55,81.8,69.53,79.25,PlanExecute,Single-slot,Reflection,ReAct
0.3,0.2,0.35,0.15,65.88,81.79,72.48,79.66,PlanExecute,Single-slot,Reflection,ReAct
0.3,0.2,0.4,0.1,64.21,81.78,75.44,80.07,PlanExecute,Single-slot,Reflection,ReAct
0.3,0.2,0.45,0.05,62.54,81.77,78.39,80.47,PlanExecute,Single-slot,Reflection,ReAct
0.3,0.25,0.05,0.4,73.64,80.81,56.41,76.4,PlanExecute,Single-slot,ReAct,Reflection
0.3,0.25,0.1,0.35,71.97,80.8,59.38,76.81,PlanExecute,Single-slot,ReAct,Reflection
0.3,0.25,0.15,0.3,70.3,80.79,62.33,77.22,PlanExecute,Single-slot,ReAct,Reflection
0.3,0.25,0.2,0.25,68.63,80.78,65.29,77.63,PlanExecute,Single-slot,ReAct,Reflection
0.3,0.25,0.25,0.2,66.96,80.77,68.24,78.04,PlanExecute,Single-slot,Reflection,ReAct
0.3,0.25,0.3,0.15,65.29,80.76,71.19,78.45,PlanExecute,Single-slot,Reflection,ReAct
0.3,0.25,0.35,0.1,63.62,80.75,74.14,78.86,PlanExecute,Single-slot,Reflection,ReAct
0.3,0.25,0.4,0.05,61.95,80.74,77.09,79.27,PlanExecute,Single-slot,Reflection,ReAct
0.3,0.3,0.05,0.35,71.38,79.78,58.08,75.6,PlanExecute,Single-slot,ReAct,Reflection
0.3,0.3,0.1,0.3,69.71,79.77,61.04,76.01,PlanExecute,Single-slot,ReAct,Reflection
0.3,0.3,0.15,0.25,68.04,79.76,63.99,76.42,PlanExecute,Single-slot,ReAct,Reflection
0.3,0.3,0.2,0.2,66.37,79.75,66.94,76.83,PlanExecute,Single-slot,Reflection,ReAct
0.3,0.3,0.25,0.15,64.69,79.74,69.9,77.24,PlanExecute,Single-slot,Reflection,ReAct
0.3,0.3,0.3,0.1,63.02,79.73,72.85,77.65,PlanExecute,Single-slot,Reflection,ReAct
0.3,0.3,0.35,0.05,61.35,79.72,75.8,78.06,PlanExecute,Single-slot,Reflection,ReAct
0.3,0.35,0.05,0.3,69.11,78.75,59.74,74.8,PlanExecute,Single-slot,ReAct,Reflection
0.3,0.35,0.1,0.25,67.44,78.74,62.7,75.21,PlanExecute,Single-slot,ReAct,Reflection
0.3,0.35,0.15,0.2,65.77,78.73,65.65,75.62,PlanExecute,Single-slot,ReAct,Reflection
0.3,0.35,0.2,0.15,64.1,78.72,68.6,76.03,PlanExecute,Single-slot,Reflection,ReAct
0.3,0.35,0.25,0.1,62.43,78.71,71.55,76.44,PlanExecute,Single-slot,Reflection,ReAct
0.3,0.35,0.3,0.05,60.76,78.7,74.5,76.85,PlanExecute,Single-slot,Reflection,ReAct
0.3,0.4,0.05,0.25,66.85,77.71,61.4,74.0,PlanExecute,Single-slot,ReAct,Reflection
0.3,0.4,0.1,0.2,65.18,77.7,64.35,74.41,PlanExecute,Single-slot,ReAct,Reflection
0.3,0.4,0.15,0.15,63.51,77.69,67.31,74.82,PlanExecute,Single-slot,Reflection,ReAct
0.3,0.4,0.2,0.1,61.84,77.68,70.26,75.23,PlanExecute,Single-slot,Reflection,ReAct
0.3,0.4,0.25,0.05,60.17,77.67,73.21,75.64,PlanExecute,Single-slot,Reflection,ReAct
0.3,0.45,0.05,0.2,64.59,76.68,63.06,73.2,PlanExecute,Single-slot,ReAct,Reflection
0.3,0.45,0.1,0.15,62.92,76.67,66.01,73.61,PlanExecute,Single-slot,Reflection,ReAct
0.3,0.45,0.15,0.1,61.25,76.66,68.96,74.02,PlanExecute,Single-slot,Reflection,ReAct
0.3,0.45,0.2,0.05,59.58,76.65,71.92,74.43,PlanExecute,Single-slot,Reflection,ReAct
0.3,0.5,0.05,0.15,62.32,75.65,64.72,72.4,PlanExecute,Single-slot,Reflection,ReAct
0.3,0.5,0.1,0.1,60.65,75.64,67.67,72.81,PlanExecute,Single-slot,Reflection,ReAct
0.3,0.5,0.15,0.05,58.98,75.63,70.62,73.22,PlanExecute,Single-slot,Reflection,ReAct
0.3,0.55,0.05,0.1,60.06,74.61,66.38,71.6,PlanExecute,Single-slot,Reflection,ReAct
0.3,0.55,0.1,0.05,58.39,74.61,69.33,72.01,PlanExecute,Single-slot,Reflection,ReAct
0.3,0.6,0.05,0.05,57.8,73.58,68.03,70.8,PlanExecute,Single-slot,Reflection,ReAct
0.35,0.05,0.05,0.55,80.59,82.78,50.51,77.69,PlanExecute,ReAct,Single-slot,Reflection
0.35,0.05,0.1,0.5,78.92,82.77,53.49,78.1,PlanExecute,ReAct,Single-slot,Reflection
0.35,0.05,0.15,0.45,77.25,82.76,56.47,78.51,PlanExecute,Single-slot,ReAct,Reflection
0.35,0.05,0.2,0.4,75.58,82.75,59.43,78.92,PlanExecute,Single-slot,ReAct,Reflection
0.35,0.05,0.25,0.35,73.91,82.74,62.38,79.33,PlanExecute,Single-slot,ReAct,Reflection
0.35,0.05,0.3,0.3,72.24,82.73,65.33,79.73,PlanExecute,Single-slot,ReAct,Reflection
0.35,0.05,0.35,0.25,70.57,82.72,68.28,80.14,PlanExecute,Single-slot,ReAct,Reflection
0.35,0.05,0.4,0.2,68.9,82.71,71.24,80.55,PlanExecute,Single-slot,Reflection,ReAct
0.35,0.05,0.45,0.15,67.23,82.7,74.19,80.96,PlanExecute,Single-slot,Reflection,ReAct
0.35,0.05,0.5,0.1,65.56,82.69,77.14,81.37,PlanExecute,Single-slot,Reflection,ReAct
0.35,0.05,0.55,0.05,63.89,82.68,80.09,81.78,PlanExecute,Single-slot,Reflection,ReAct
0.35,0.1,0.05,0.5,78.33,81.75,52.18,76.89,PlanExecute,ReAct,Single-slot,Reflection
0.35,0.1,0.1,0.45,76.66,81.74,55.16,77.3,PlanExecute,Single-slot,ReAct,Reflection
0.35,0.1,0.15,0.4,74.99,81.73,58.13,77.71,PlanExecute,Single-slot,ReAct,Reflection
0.35,0.1,0.2,0.35,73.32,81.72,61.09,78.12,PlanExecute,Single-slot,ReAct,Reflection
0.35,0.1,0.25,0.3,71.65,81.71,64.04,78.52,PlanExecute,Single-slot,ReAct,Reflection
0.35,0.1,0.3,0.25,69.97,81.7,66.99,78.93,PlanExecute,Single-slot,ReAct,Reflection
0.35,0.1,0.35,0.2,68.3,81.69,69.94,79.34,PlanExecute,Single-slot,Reflection,ReAct
0.35,0.1,0.4,0.15,66.63,81.68,72.89,79.75,PlanExecute,Single-slot,Reflection,ReAct
0.35,0.1,0.45,0.1,64.96,81.67,75.84,80.16,PlanExecute,Single-slot,Reflection,ReAct
0.35,0.1,0.5,0.05,63.29,81.66,78.8,80.57,PlanExecute,Single-slot,Reflection,ReAct
0.35,0.15,0.05,0.45,76.06,80.71,53.85,76.09,PlanExecute,Single-slot,ReAct,Reflection
0.35,0.15,0.1,0.4,74.39,80.7,56.83,76.5,PlanExecute,Single-slot,ReAct,Reflection
0.35,0.15,0.15,0.35,72.72,80.69,59.79,76.91,PlanExecute,Single-slot,ReAct,Reflection
0.35,0.15,0.2,0.3,71.05,80.69,62.74,77.32,PlanExecute,Single-slot,ReAct,Reflection
0.35,0.15,0.25,0.25,69.38,80.68,65.69,77.72,PlanExecute,Single-slot,ReAct,Reflection
0.35,0.15,0.3,0.2,67.71,80.67,68.65,78.13,PlanExecute,Single-slot,Reflection,ReAct
0.35,0.15,0.35,0.15,66.04,80.66,71.6,78.54,PlanExecute,Single-slot,Reflection,ReAct
0.35,0.15,0.4,0.1,64.37,80.65,74.55,78.95,PlanExecute,Single-slot,Reflection,ReAct
0.35,0.15,0.45,0.05,62.7,80.64,77.5,79.36,PlanExecute,Single-slot,Reflection,ReAct
0.35,0.2,0.05,0.4,73.8,79.68,55.52,75.29,PlanExecute,Single-slot,ReAct,Reflection
0.35,0.2,0.1,0.35,72.13,79.67,58.5,75.7,PlanExecute,Single-slot,ReAct,Reflection
0.35,0.2,0.15,0.3,70.46,79.66,61.45,76.11,PlanExecute,Single-slot,ReAct,Reflection
0.35,0.2,0.2,0.25,68.79,79.65,64.4,76.52,PlanExecute,Single-slot,ReAct,Reflection
0.35,0.2,0.25,0.2,67.12,79.64,67.35,76.92,PlanExecute,Single-slot,Reflection,ReAct
0.35,0.2,0.3,0.15,65.45,79.63,70.3,77.33,PlanExecute,Single-slot,Reflection,ReAct
0.35,0.2,0.35,0.1,63.78,79.62,73.26,77.74,PlanExecute,Single-slot,Reflection,ReAct
0.35,0.2,0.4,0.05,62.11,79.61,76.21,78.15,PlanExecute,Single-slot,Reflection,ReAct
0.35,0.25,0.05,0.35,71.54,78.65,57.19,74.49,PlanExecute,Single-slot,ReAct,Reflection
0.35,0.25,0.1,0.3,69.87,78.64,60.15,74.9,PlanExecute,Single-slot,ReAct,Reflection
0.35,0.25,0.15,0.25,68.2,78.63,63.11,75.31,PlanExecute,Single-slot,ReAct,Reflection
0.35,0.25,0.2,0.2,66.53,78.62,66.06,75.71,PlanExecute,Single-slot,ReAct,Reflection
0.35,0.25,0.25,0.15,64.86,78.61,69.01,76.12,PlanExecute,Single-slot,Reflection,ReAct
0.35,0.25,0.3,0.1,63.19,78.6,71.96,76.53,PlanExecute,Single-slot,Reflection,ReAct
0.35,0.25,0.35,0.05,61.51,78.59,74.91,76.94,PlanExecute,Single-slot,Reflection,ReAct
0.35,0.3,0.05,0.3,69.27,77.62,58.86,73.69,PlanExecute,Single-slot,ReAct,Reflection
0.35,0.3,0.1,0.25,67.6,77.61,61.81,74.1,PlanExecute,Single-slot,ReAct,Reflection
0.35,0.3,0.15,0.2,65.93,77.6,64.76,74.51,PlanExecute,Single-slot,ReAct,Reflection
0.35,0.3,0.2,0.15,64.26,77.59,67.72,74.91,PlanExecute,Single-slot,Reflection,ReAct
0.35,0.3,0.25,0.1,62.59,77.58,70.67,75.32,PlanExecute,Single-slot,Reflection,ReAct
0.35,0.3,0.3,0.05,60.92,77.57,73.62,75.73,PlanExecute,Single-slot,Reflection,ReAct
0.35,0.35,0.05,0.25,67.01,76.58,60.52,72.89,PlanExecute,Single-slot,ReAct,Reflection
0.35,0.35,0.1,0.2,65.34,76.57,63.47,73.3,PlanExecute,Single-slot,ReAct,Reflection
0.35,0.35,0.15,0.15,63.67,76.56,66.42,73.7,PlanExecute,Single-slot,Reflection,ReAct
0.35,0.35,0.2,0.1,62.0,76.55,69.37,74.11,PlanExecute,Single-slot,Reflection,ReAct
0.35,0.35,0.25,0.05,60.33,76.55,72.32,74.52,PlanExecute,Single-slot,Reflection,ReAct
0.35,0.4,0.05,0.2,64.75,75.55,62.17,72.09,PlanExecute,Single-slot,ReAct,Reflection
0.35,0.4,0.1,0.15,63.08,75.54,65.13,72.5,PlanExecute,Single-slot,Reflection,ReAct
0.35,0.4,0.15,0.1,61.41,75.53,68.08,72.9,PlanExecute,Single-slot,Reflection,ReAct
0.35,0.4,0.2,0.05,59.74,75.52,71.03,73.31,PlanExecute,Single-slot,Reflection,ReAct
0.35,0.45,0.05,0.15,62.48,74.52,63.83,71.29,PlanExecute,Single-slot,Reflection,ReAct
0.35,0.45,0.1,0.1,60.81,74.51,66.78,71.69,PlanExecute,Single-slot,Reflection,ReAct
0.35,0.45,0.15,0.05,59.14,74.5,69.74,72.1,PlanExecute,Single-slot,Reflection,ReAct
0.35,0.5,0.05,0.1,60.22,73.49,65.49,70.49,PlanExecute,Single-slot,Reflection,ReAct
0.35,0.5,0.1,0.05,58.55,73.48,68.44,70.89,PlanExecute,Single-slot,Reflection,ReAct
0.35,0.55,0.05,0.05,57.96,72.45,67.15,69.68,PlanExecute,Single-slot,Reflection,ReAct
0.4,0.05,0.05,0.5,78.49,80.62,51.29,75.77,PlanExecute,ReAct,Single-slot,Reflection
0.4,0.05,0.1,0.45,76.82,80.61,54.27,76.18,PlanExecute,ReAct,Single-slot,Reflection
0.4,0.05,0.15,0.4,75.15,80.6,57.25,76.59,PlanExecute,Single-slot,ReAct,Reflection
0.4,0.05,0.2,0.35,73.48,80.59,60.2,77.0,PlanExecute,Single-slot,ReAct,Reflection
0.4,0.05,0.25,0.3,71.81,80.58,63.15,77.41,PlanExecute,Single-slot,ReAct,Reflection
0.4,0.05,0.3,0.25,70.14,80.57,66.1,77.82,PlanExecute,Single-slot,ReAct,Reflection
0.4,0.05,0.35,0.2,68.46,80.56,69.05,78.23,PlanExecute,Single-slot,Reflection,ReAct
0.4,0.05,0.4,0.15,66.79,80.55,72.01,78.64,PlanExecute,Single-slot,Reflection,ReAct
0.4,0.05,0.45,0.1,65.12,80.54,74.96,79.05,PlanExecute,Single-slot,Reflection,ReAct
0.4,0.05,0.5,0.05,63.45,80.53,77.91,79.45,PlanExecute,Single-slot,Reflection,ReAct
0.4,0.1,0.05,0.45,76.22,79.58,52.96,74.97,PlanExecute,ReAct,Single-slot,Reflection
0.4,0.1,0.1,0.4,74.55,79.57,55.94,75.38,PlanExecute,Single-slot,ReAct,Reflection
0.4,0.1,0.15,0.35,72.88,79.56,58.91,75.79,PlanExecute,Single-slot,ReAct,Reflection
0.4,0.1,0.2,0.3,71.21,79.56,61.86,76.2,PlanExecute,Single-slot,ReAct,Reflection
0.4,0.1,0.25,0.25,69.54,79.55,64.81,76.61,PlanExecute,Single-slot,ReAct,Reflection
0.4,0.1,0.3,0.2,67.87,79.54,67.76,77.02,PlanExecute,Single-slot,ReAct,Reflection
0.4,0.1,0.35,0.15,66.2,79.53,70.71,77.43,PlanExecute,Single-slot,Reflection,ReAct
0.4,0.1,0.4,0.1,64.53,79.52,73.66,77.84,PlanExecute,Single-slot,Reflection,ReAct
0.4,0.1,0.45,0.05,62.86,79.51,76.62,78.25,PlanExecute,Single-slot,Reflection,ReAct
0.4,0.15,0.05,0.4,73.96,78.55,54.63,74.17,PlanExecute,Single-slot,ReAct,Reflection
0.4,0.15,0.1,0.35,72.29,78.54,57.61,74.58,PlanExecute,Single-slot,ReAct,Reflection
0.4,0.15,0.15,0.3,70.62,78.53,60.56,74.99,PlanExecute,Single-slot,ReAct,Reflection
0.4,0.15,0.2,0.25,68.95,78.52,63.51,75.4,PlanExecute,Single-slot,ReAct,Reflection
0.4,0.15,0.25,0.2,67.28,78.51,66.47,75.81,PlanExecute,Single-slot,ReAct,Reflection
0.4,0.15,0.3,0.15,65.61,78.5,69.42,76.22,PlanExecute,Single-slot,Reflection,ReAct
0.4,0.15,0.35,0.1,63.94,78.49,72.37,76.63,PlanExecute,Single-slot,Reflection,ReAct
0.4,0.15,0.4,0.05,62.27,78.49,75.32,77.04,PlanExecute,Single-slot,Reflection,ReAct
0.4,0.2,0.05,0.35,71.7,77.52,56.3,73.37,PlanExecute,Single-slot,ReAct,Reflection
0.4,0.2,0.1,0.3,70.03,77.51,59.27,73.78,PlanExecute,Single-slot,ReAct,Reflection
0.4,0.2,0.15,0.25,68.36,77.5,62.22,74.19,PlanExecute,Single-slot,ReAct,Reflection
0.4,0.2,0.2,0.2,66.69,77.49,65.17,74.6,PlanExecute,Single-slot,ReAct,Reflection
0.4,0.2,0.25,0.15,65.02,77.48,68.12,75.01,PlanExecute,Single-slot,Reflection,ReAct
0.4,0.2,0.3,0.1,63.35,77.47,71.08,75.42,PlanExecute,Single-slot,Reflection,ReAct
0.4,0.2,0.35,0.05,61.68,77.46,74.03,75.83,PlanExecute,Single-slot,Reflection,ReAct
0.4,0.25,0.05,0.3,69.43,76.49,57.97,72.57,PlanExecute,Single-slot,ReAct,Reflection
0.4,0.25,0.1,0.25,67.76,76.48,60.93,72.98,PlanExecute,Single-slot,ReAct,Reflection
0.4,0.25,0.15,0.2,66.09,76.47,63.88,73.39,PlanExecute,Single-slot,ReAct,Reflection
0.4,0.25,0.2,0.15,64.42,76.46,66.83,73.8,PlanExecute,Single-slot,Reflection,ReAct
0.4,0.25,0.25,0.1,62.75,76.45,69.78,74.21,PlanExecute,Single-slot,Reflection,ReAct
0.4,0.25,0.3,0.05,61.08,76.44,72.73,74.62,PlanExecute,Single-slot,Reflection,ReAct
0.4,0.3,0.05,0.25,67.17,75.45,59.63,71.77,PlanExecute,Single-slot,ReAct,Reflection
0.4,0.3,0.1,0.2,65.5,75.44,62.58,72.18,PlanExecute,Single-slot,ReAct,Reflection
0.4,0.3,0.15,0.15,63.83,75.43,65.53,72.59,PlanExecute,Single-slot,Reflection,ReAct
0.4,0.3,0.2,0.1,62.16,75.43,68.49,73.0,PlanExecute,Single-slot,Reflection,ReAct
0.4,0.3,0.25,0.05,60.49,75.42,71.44,73.41,PlanExecute,Single-slot,Reflection,ReAct
0.4,0.35,0.05,0.2,64.91,74.42,61.29,70.97,PlanExecute,Single-slot,ReAct,Reflection
0.4,0.35,0.1,0.15,63.24,74.41,64.24,71.38,PlanExecute,Single-slot,Reflection,ReAct
0.4,0.35,0.15,0.1,61.57,74.4,67.19,71.79,PlanExecute,Single-slot,Reflection,ReAct
0.4,0.35,0.2,0.05,59.9,74.39,70.14,72.2,PlanExecute,Single-slot,Reflection,ReAct
0.4,0.4,0.05,0.15,62.65,73.39,62.95,70.17,PlanExecute,Single-slot,Reflection,ReAct
0.4,0.4,0.1,0.1,60.97,73.38,65.9,70.58,PlanExecute,Single-slot,Reflection,ReAct
0.4,0.4,0.15,0.05,59.3,73.37,68.85,70.99,PlanExecute,Single-slot,Reflection,ReAct
0.4,0.45,0.05,0.1,60.38,72.36,64.6,69.37,PlanExecute,Single-slot,Reflection,ReAct
0.4,0.45,0.1,0.05,58.71,72.35,67.55,69.78,PlanExecute,Single-slot,Reflection,ReAct
0.4,0.5,0.05,0.05,58.12,71.32,66.26,68.57,PlanExecute,Single-slot,Reflection,ReAct
0.45,0.05,0.05,0.45,76.38,78.45,52.07,73.86,PlanExecute,ReAct,Single-slot,Reflection
0.45,0.05,0.1,0.4,74.71,78.44,55.05,74.27,PlanExecute,ReAct,Single-slot,Reflection
0.45,0.05,0.15,0.35,73.04,78.44,58.02,74.68,PlanExecute,Single-slot,ReAct,Reflection
0.45,0.05,0.2,0.3,71.37,78.43,60.97,75.09,PlanExecute,Single-slot,ReAct,Reflection
0.45,0.05,0.25,0.25,69.7,78.42,63.92,75.49,PlanExecute,Single-slot,ReAct,Reflection
0.45,0.05,0.3,0.2,68.03,78.41,66.87,75.9,PlanExecute,Single-slot,ReAct,Reflection
0.45,0.05,0.35,0.15,66.36,78.4,69.83,76.31,PlanExecute,Single-slot,Reflection,ReAct
0.45,0.05,0.4,0.1,64.69,78.39,72.78,76.72,PlanExecute,Single-slot,Reflection,ReAct
0.45,0.05,0.45,0.05,63.02,78.38,75.73,77.13,PlanExecute,Single-slot,Reflection,ReAct
0.45,0.1,0.05,0.4,74.12,77.42,53.74,73.06,PlanExecute,ReAct,Single-slot,Reflection
0.45,0.1,0.1,0.35,72.45,77.41,56.72,73.47,PlanExecute,Single-slot,ReAct,Reflection
0.45,0.1,0.15,0.3,70.78,77.4,59.68,73.88,PlanExecute,Single-slot,ReAct,Reflection
0.45,0.1,0.2,0.25,69.11,77.39,62.63,74.29,PlanExecute,Single-slot,ReAct,Reflection
0.45,0.1,0.25,0.2,67.44,77.38,65.58,74.69,PlanExecute,Single-slot,ReAct,Reflection
0.45,0.1,0.3,0.15,65.77,77.37,68.53,75.1,PlanExecute,Single-slot,Reflection,ReAct
0.45,0.1,0.35,0.1,64.1,77.37,71.48,75.51,PlanExecute,Single-slot,Reflection,ReAct
0.45,0.1,0.4,0.05,62.43,77.36,74.44,75.92,PlanExecute,Single-slot,Reflection,ReAct
0.45,0.15,0.05,0.35,71.86,76.39,55.41,72.26,PlanExecute,Single-slot,ReAct,Reflection
0.45,0.15,0.1,0.3,70.19,76.38,58.38,72.67,PlanExecute,Single-slot,ReAct,Reflection
0.45,0.15,0.15,0.25,68.52,76.37,61.33,73.08,PlanExecute,Single-slot,ReAct,Reflection
0.45,0.15,0.2,0.2,66.85,76.36,64.29,73.48,PlanExecute,Single-slot,ReAct,Reflection
0.45,0.15,0.25,0.15,65.18,76.35,67.24,73.89,PlanExecute,Single-slot,Reflection,ReAct
0.45,0.15,0.3,0.1,63.51,76.34,70.19,74.3,PlanExecute,Single-slot,Reflection,ReAct
0.45,0.15,0.35,0.05,61.84,76.33,73.14,74.71,PlanExecute,Single-slot,Reflection,ReAct
0.45,0.2,0.05,0.3,69.6,75.36,57.08,71.46,PlanExecute,Single-slot,ReAct,Reflection
0.45,0.2,0.1,0.25,67.92,75.35,60.04,71.87,PlanExecute,Single-slot,ReAct,Reflection
0.45,0.2,0.15,0.2,66.25,75.34,62.99,72.28,PlanExecute,Single-slot,ReAct,Reflection
0.45,0.2,0.2,0.15,64.58,75.33,65.94,72.68,PlanExecute,Single-slot,Reflection,ReAct
0.45,0.2,0.25,0.1,62.91,75.32,68.89,73.09,PlanExecute,Single-slot,Reflection,ReAct
0.45,0.2,0.3,0.05,61.24,75.31,71.85,73.5,PlanExecute,Single-slot,Reflection,ReAct
0.45,0.25,0.05,0.25,67.33,74.32,58.74,70.66,PlanExecute,Single-slot,ReAct,Reflection
0.45,0.25,0.1,0.2,65.66,74.31,61.7,71.07,PlanExecute,Single-slot,ReAct,Reflection
0.45,0.25,0.15,0.15,63.99,74.31,64.65,71.48,PlanExecute,Single-slot,Reflection,ReAct
0.45,0.25,0.2,0.1,62.32,74.3,67.6,71.88,PlanExecute,Single-slot,Reflection,ReAct
0.45,0.25,0.25,0.05,60.65,74.29,70.55,72.29,PlanExecute,Single-slot,Reflection,ReAct
0.45,0.3,0.05,0.2,65.07,73.29,60.4,69.86,PlanExecute,Single-slot,ReAct,Reflection
0.45,0.3,0.1,0.15,63.4,73.28,63.35,70.27,PlanExecute,Single-slot,ReAct,Reflection
0.45,0.3,0.15,0.1,61.73,73.27,66.31,70.67,PlanExecute,Single-slot,Reflection,ReAct
0.45,0.3,0.2,0.05,60.06,73.26,69.26,71.08,PlanExecute,Single-slot,Reflection,ReAct
0.45,0.35,0.05,0.15,62.81,72.26,62.06,69.06,PlanExecute,Single-slot,ReAct,Reflection
0.45,0.35,0.1,0.1,61.14,72.25,65.01,69.47,PlanExecute,Single-slot,Reflection,ReAct
0.45,0.35,0.15,0.05,59.46,72.24,67.96,69.87,PlanExecute,Single-slot,Reflection,ReAct
0.45,0.4,0.05,0.1,60.54,71.23,63.72,68.26,PlanExecute,Single-slot,Reflection,ReAct
0.45,0.4,0.1,0.05,58.87,71.22,66.67,68.66,PlanExecute,Single-slot,Reflection,ReAct
0.45,0.45,0.05,0.05,58.28,70.19,65.37,67.46,PlanExecute,Single-slot,Reflection,ReAct
0.5,0.05,0.05,0.4,74.28,76.29,52.85,71.94,PlanExecute,ReAct,Single-slot,Reflection
0.5,0.05,0.1,0.35,72.61,76.28,55.83,72.35,PlanExecute,ReAct,Single-slot,Reflection
0.5,0.05,0.15,0.3,70.94,76.27,58.79,72.76,PlanExecute,Single-slot,ReAct,Reflection
0.5,0.05,0.2,0.25,69.27,76.26,61.74,73.17,PlanExecute,Single-slot,ReAct,Reflection
0.5,0.05,0.25,0.2,67.6,76.25,64.69,73.58,PlanExecute,Single-slot,ReAct,Reflection
0.5,0.05,0.3,0.15,65.93,76.25,67.65,73.99,PlanExecute,Single-slot,Reflection,ReAct
0.5,0.05,0.35,0.1,64.26,76.24,70.6,74.4,PlanExecute,Single-slot,Reflection,ReAct
0.5,0.05,0.4,0.05,62.59,76.23,73.55,74.81,PlanExecute,Single-slot,Reflection,ReAct
0.5,0.1,0.05,0.35,72.02,75.26,54.52,71.14,PlanExecute,ReAct,Single-slot,Reflection
0.5,0.1,0.1,0.3,70.35,75.25,57.5,71.55,PlanExecute,Single-slot,ReAct,Reflection
0.5,0.1,0.15,0.25,68.68,75.24,60.45,71.96,PlanExecute,Single-slot,ReAct,Reflection
0.5,0.1,0.2,0.2,67.01,75.23,63.4,72.37,PlanExecute,Single-slot,ReAct,Reflection
0.5,0.1,0.25,0.15,65.34,75.22,66.35,72.78,PlanExecute,Single-slot,Reflection,ReAct
0.5,0.1,0.3,0.1,63.67,75.21,69.3,73.19,PlanExecute,Single-slot,Reflection,ReAct
0.5,0.1,0.35,0.05,62.0,75.2,72.25,73.6,PlanExecute,Single-slot,Reflection,ReAct
0.5,0.15,0.05,0.3,69.76,74.23,56.19,70.34,PlanExecute,Single-slot,ReAct,Reflection
0.5,0.15,0.1,0.25,68.09,74.22,59.15,70.75,PlanExecute,Single-slot,ReAct,Reflection
0.5,0.15,0.15,0.2,66.41,74.21,62.11,71.16,PlanExecute,Single-slot,ReAct,Reflection
0.5,0.15,0.2,0.15,64.74,74.2,65.06,71.57,PlanExecute,Single-slot,Reflection,ReAct
0.5,0.15,0.25,0.1,63.07,74.19,68.01,71.98,PlanExecute,Single-slot,Reflection,ReAct
0.5,0.15,0.3,0.05,61.4,74.18,70.96,72.39,PlanExecute,Single-slot,Reflection,ReAct
0.5,0.2,0.05,0.25,67.49,73.19,57.86,69.54,PlanExecute,Single-slot,ReAct,Reflection
0.5,0.2,0.1,0.2,65.82,73.19,60.81,69.95,PlanExecute,Single-slot,ReAct,Reflection
0.5,0.2,0.15,0.15,64.15,73.18,63.76,70.36,PlanExecute,Single-slot,ReAct,Reflection
0.5,0.2,0.2,0.1,62.48,73.17,66.71,70.77,PlanExecute,Single-slot,Reflection,ReAct
0.5,0.2,0.25,0.05,60.81,73.16,69.67,71.18,PlanExecute,Single-slot,Reflection,ReAct
0.5,0.25,0.05,0.2,65.23,72.16,59.52,68.74,PlanExecute,Single-slot,ReAct,Reflection
0.5,0.25,0.1,0.15,63.56,72.15,62.47,69.15,PlanExecute,Single-slot,ReAct,Reflection
0.5,0.25,0.15,0.1,61.89,72.14,65.42,69.56,PlanExecute,Single-slot,Reflection,ReAct
0.5,0.25,0.2,0.05,60.22,72.13,68.37,69.97,PlanExecute,Single-slot,Reflection,ReAct
0.5,0.3,0.05,0.15,62.97,71.13,61.17,67.94,PlanExecute,Single-slot,ReAct,Reflection
0.5,0.3,0.1,0.1,61.3,71.12,64.13,68.35,PlanExecute,Single-slot,Reflection,ReAct
0.5,0.3,0.15,0.05,59.63,71.11,67.08,68.76,PlanExecute,Single-slot,Reflection,ReAct
0.5,0.35,0.05,0.1,60.7,70.1,62.83,67.14,PlanExecute,Single-slot,Reflection,ReAct
0.5,0.35,0.1,0.05,59.03,70.09,65.78,67.55,PlanExecute,Single-slot,Reflection,ReAct
0.5,0.4,0.05,0.05,58.44,69.06,64.49,66.34,PlanExecute,Single-slot,Reflection,ReAct
0.55,0.05,0.05,0.35,72.18,74.13,53.63,70.03,PlanExecute,ReAct,Single-slot,Reflection
0.55,0.05,0.1,0.3,70.51,74.12,56.61,70.44,PlanExecute,ReAct,Single-slot,Reflection
0.55,0.05,0.15,0.25,68.84,74.11,59.56,70.85,PlanExecute,Single-slot,ReAct,Reflection
0.55,0.05,0.2,0.2,67.17,74.1,62.51,71.26,PlanExecute,Single-slot,ReAct,Reflection
0.55,0.05,0.25,0.15,65.5,74.09,65.47,71.66,PlanExecute,Single-slot,ReAct,Reflection
0.55,0.05,0.3,0.1,63.83,74.08,68.42,72.07,PlanExecute,Single-slot,Reflection,ReAct
0.55,0.05,0.35,0.05,62.16,74.07,71.37,72.48,PlanExecute,Single-slot,Reflection,ReAct
0.55,0.1,0.05,0.3,69.92,73.1,55.3,69.23,PlanExecute,ReAct,Single-slot,Reflection
0.55,0.1,0.1,0.25,68.25,73.09,58.27,69.64,PlanExecute,Single-slot,ReAct,Reflection
0.55,0.1,0.15,0.2,66.58,73.08,61.22,70.05,PlanExecute,Single-slot,ReAct,Reflection
0.55,0.1,0.2,0.15,64.91,73.07,64.17,70.45,PlanExecute,Single-slot,ReAct,Reflection
0.55,0.1,0.25,0.1,63.23,73.06,67.12,70.86,PlanExecute,Single-slot,Reflection,ReAct
0.55,0.1,0.3,0.05,61.56,73.05,70.07,71.27,PlanExecute,Single-slot,Reflection,ReAct
0.55,0.15,0.05,0.25,67.65,72.06,56.97,68.43,PlanExecute,Single-slot,ReAct,Reflection
0.55,0.15,0.1,0.2,65.98,72.06,59.92,68.84,PlanExecute,Single-slot,ReAct,Reflection
0.55,0.15,0.15,0.15,64.31,72.05,62.88,69.25,PlanExecute,Single-slot,ReAct,Reflection
0.55,0.15,0.2,0.1,62.64,72.04,65.83,69.65,PlanExecute,Single-slot,Reflection,ReAct
0.55,0.15,0.25,0.05,60.97,72.03,68.78,70.06,PlanExecute,Single-slot,Reflection,ReAct
0.55,0.2,0.05,0.2,65.39,71.03,58.63,67.63,PlanExecute,Single-slot,ReAct,Reflection
0.55,0.2,0.1,0.15,63.72,71.02,61.58,68.04,PlanExecute,Single-slot,ReAct,Reflection
0.55,0.2,0.15,0.1,62.05,71.01,64.53,68.44,PlanExecute,Single-slot,Reflection,ReAct
0.55,0.2,0.2,0.05,60.38,71.0,67.49,68.85,PlanExecute,Single-slot,Reflection,ReAct
0.55,0.25,0.05,0.15,63.13,70.0,60.29,66.83,PlanExecute,Single-slot,ReAct,Reflection
0.55,0.25,0.1,0.1,61.46,69.99,63.24,67.24,PlanExecute,Single-slot,Reflection,ReAct
0.55,0.25,0.15,0.05,59.79,69.98,66.19,67.64,PlanExecute,Single-slot,Reflection,ReAct
0.55,0.3,0.05,0.1,60.86,68.97,61.94,66.03,PlanExecute,Single-slot,Reflection,ReAct
0.55,0.3,0.1,0.05,59.19,68.96,64.9,66.44,PlanExecute,Single-slot,Reflection,ReAct
0.55,0.35,0.05,0.05,58.6,67.93,63.6,65.23,PlanExecute,Single-slot,Reflection,ReAct
0.6,0.05,0.05,0.3,70.08,71.97,54.41,68.11,PlanExecute,ReAct,Single-slot,Reflection
0.6,0.05,0.1,0.25,68.41,71.96,57.38,68.52,PlanExecute,Single-slot,ReAct,Reflection
0.6,0.05,0.15,0.2,66.74,71.95,60.33,68.93,PlanExecute,Single-slot,ReAct,Reflection
0.6,0.05,0.2,0.15,65.07,71.94,63.28,69.34,PlanExecute,Single-slot,ReAct,Reflection
0.6,0.05,0.25,0.1,63.4,71.93,66.24,69.75,PlanExecute,Single-slot,Reflection,ReAct
0.6,0.05,0.3,0.05,61.72,71.92,69.19,70.16,PlanExecute,Single-slot,Reflection,ReAct
0.6,0.1,0.05,0.25,67.81,70.94,56.08,67.31,PlanExecute,ReAct,Single-slot,Reflection
0.6,0.1,0.1,0.2,66.14,70.93,59.04,67.72,PlanExecute,Single-slot,ReAct,Reflection
0.6,0.1,0.15,0.15,64.47,70.92,61.99,68.13,PlanExecute,Single-slot,ReAct,Reflection
0.6,0.1,0.2,0.1,62.8,70.91,64.94,68.54,PlanExecute,Single-slot,Reflection,ReAct
0.6,0.1,0.25,0.05,61.13,70.9,67.89,68.95,PlanExecute,Single-slot,Reflection,ReAct
0.6,0.15,0.05,0.2,65.55,69.9,57.74,66.51,PlanExecute,Single-slot,ReAct,Reflection
0.6,0.15,0.1,0.15,63.88,69.89,60.7,66.92,PlanExecute,Single-slot,ReAct,Reflection
0.6,0.15,0.15,0.1,62.21,69.88,63.65,67.33,PlanExecute,Single-slot,Reflection,ReAct
0.6,0.15,0.2,0.05,60.54,69.87,66.6,67.74,PlanExecute,Single-slot,Reflection,ReAct
0.6,0.2,0.05,0.15,63.29,68.87,59.4,65.71,PlanExecute,Single-slot,ReAct,Reflection
0.6,0.2,0.1,0.1,61.62,68.86,62.35,66.12,PlanExecute,Single-slot,Reflection,ReAct
0.6,0.2,0.15,0.05,59.95,68.85,65.31,66.53,PlanExecute,Single-slot,Reflection,ReAct
0.6,0.25,0.05,0.1,61.02,67.84,61.06,64.91,PlanExecute,Single-slot,Reflection,ReAct
0.6,0.25,0.1,0.05,59.35,67.83,64.01,65.32,PlanExecute,Single-slot,Reflection,ReAct
0.6,0.3,0.05,0.05,58.76,66.81,62.72,64.11,PlanExecute,Single-slot,Reflection,ReAct
0.65,0.05,0.05,0.25,67.97,69.81,55.19,66.2,PlanExecute,ReAct,Single-slot,Reflection
0.65,0.05,0.1,0.2,66.3,69.8,58.15,66.61,PlanExecute,Single-slot,ReAct,Reflection
0.65,0.05,0.15,0.15,64.63,69.79,61.1,67.02,PlanExecute,Single-slot,ReAct,Reflection
0.65,0.05,0.2,0.1,62.96,69.78,64.06,67.42,PlanExecute,Single-slot,Reflection,ReAct
0.65,0.05,0.25,0.05,61.29,69.77,67.01,67.83,PlanExecute,Single-slot,Reflection,ReAct
0.65,0.1,0.05,0.2,65.71,68.77,56.86,65.4,PlanExecute,ReAct,Single-slot,Reflection
0.65,0.1,0.1,0.15,64.04,68.76,59.81,65.81,PlanExecute,Single-slot,ReAct,Reflection
0.65,0.1,0.15,0.1,62.37,68.75,62.76,66.22,PlanExecute,Single-slot,Reflection,ReAct
0.65,0.1,0.2,0.05,60.7,68.75,65.71,66.62,PlanExecute,Single-slot,Reflection,ReAct
0.65,0.15,0.05,0.15,63.45,67.74,58.52,64.6,PlanExecute,Single-slot,ReAct,Reflection
0.65,0.15,0.1,0.1,61.78,67.73,61.47,65.01,PlanExecute,Single-slot,ReAct,Reflection
0.65,0.15,0.15,0.05,60.11,67.72,64.42,65.41,PlanExecute,Single-slot,Reflection,ReAct
0.65,0.2,0.05,0.1,61.18,66.71,60.17,63.8,PlanExecute,Single-slot,ReAct,Reflection
0.65,0.2,0.1,0.05,59.51,66.7,63.12,64.21,PlanExecute,Single-slot,Reflection,ReAct
0.65,0.25,0.05,0.05,58.92,65.68,61.83,63.0,PlanExecute,Single-slot,Reflection,ReAct
0.7,0.05,0.05,0.2,65.87,67.64,55.97,64.28,PlanExecute,ReAct,Single-slot,Reflection
0.7,0.05,0.1,0.15,64.2,67.63,58.92,64.69,PlanExecute,Single-slot,ReAct,Reflection
0.7,0.05,0.15,0.1,62.53,67.62,61.88,65.1,PlanExecute,Single-slot,ReAct,Reflection
0.7,0.05,0.2,0.05,60.86,67.62,64.83,65.51,PlanExecute,Single-slot,Reflection,ReAct
0.7,0.1,0.05,0.15,63.61,66.61,57.63,63.48,PlanExecute,ReAct,Single-slot,Reflection
0.7,0.1,0.1,0.1,61.94,66.6,60.58,63.89,PlanExecute,Single-slot,ReAct,Reflection
0.7,0.1,0.15,0.05,60.27,66.59,63.53,64.3,PlanExecute,Single-slot,Reflection,ReAct
0.7,0.15,0.05,0.1,61.35,65.58,59.29,62.68,PlanExecute,Single-slot,ReAct,Reflection
0.7,0.15,0.1,0.05,59.68,65.57,62.24,63.09,PlanExecute,Single-slot,Reflection,ReAct
0.7,0.2,0.05,0.05,59.08,64.55,60.94,61.88,PlanExecute,Single-slot,Reflection,ReAct
0.75,0.05,0.05,0.15,63.77,65.48,56.74,62.37,PlanExecute,ReAct,Single-slot,Reflection
0.75,0.05,0.1,0.1,62.1,65.47,59.7,62.78,PlanExecute,Single-slot,ReAct,Reflection
0.75,0.05,0.15,0.05,60.43,65.46,62.65,63.19,PlanExecute,Single-slot,Reflection,ReAct
0.75,0.1,0.05,0.1,61.51,64.45,58.4,61.57,PlanExecute,Single-slot,ReAct,Reflection
0.75,0.1,0.1,0.05,59.84,64.44,61.35,61.98,PlanExecute,Single-slot,Reflection,ReAct
0.75,0.15,0.05,0.05,59.24,63.42,60.06,60.77,PlanExecute,Single-slot,Reflection,ReAct
0.8,0.05,0.05,0.1,61.67,63.32,57.51,60.45,PlanExecute,ReAct,Single-slot,Reflection
0.8,0.05,0.1,0.05,60.0,63.31,60.47,60.86,PlanExecute,Single-slot,Reflection,ReAct
0.8,0.1,0.05,0.05,59.4,62.29,59.17,59.65,PlanExecute,Single-slot,ReAct,Reflection
0.85,0.05,0.05,0.05,59.56,61.16,58.29,58.54,PlanExecute,ReAct,Single-slot,Reflection
