case_id,agent_type,persona_type,run_status,score_fulfillment,score_logic,score_tone,final_score_0_100,reasoning_fulfillment,reasoning_logic,reasoning_tone
CASE_001,ReAct,Polite,SUCCESS,,,,20.0,,,
CASE_001,Reflection,Polite,SUCCESS,,,,20.0,,,
CASE_001,Single-slot,Polite,SUCCESS,,,,20.0,,,
CASE_002,PlanExecute,Polite,SUCCESS,,,,75.0,,,
CASE_002,ReAct,Polite,SUCCESS,,,,75.0,,,
CASE_002,Reflection,Polite,SUCCESS,,,,75.0,,,
CASE_002,Single-slot,Polite,SUCCESS,,,,100.0,,,
CASE_003,ReAct,Polite,SUCCESS,,,,20.0,,,
CASE_003,Single-slot,Polite,SUCCESS,,,,52.5,,,
CASE_004,Single-slot,Polite,SUCCESS,,,,20.0,,,
CASE_005,Single-slot,Polite,SUCCESS,,,,85.0,,,
CASE_015,PlanExecute,Polite,SUCCESS,,,,75.0,,,
CASE_015,ReAct,Polite,SUCCESS,,,,100.0,,,
CASE_015,Reflection,Polite,SUCCESS,,,,100.0,,,
CASE_075,PlanExecute,Polite,SUCCESS,,,,65.0,,,
CASE_075,ReAct,Polite,SUCCESS,,,,55.0,,,
CASE_075,Reflection,Polite,SUCCESS,,,,75.0,,,
CASE_090,PlanExecute,Polite,SUCCESS,,,,60.0,,,
CASE_090,ReAct,Polite,SUCCESS,,,,60.0,,,
CASE_090,Reflection,Polite,SUCCESS,,,,60.0,,,
CASE_090,Single-slot,Polite,SUCCESS,,,,12.5,,,
CASE_141,PlanExecute,Polite,SUCCESS,,,,100.0,,,
CASE_141,ReAct,Polite,SUCCESS,,,,100.0,,,
CASE_141,Reflection,Polite,SUCCESS,,,,100.0,,,
CASE_141,Single-slot,Polite,SUCCESS,,,,5.0,,,
CASE_001,PlanExecute,Polite,SUCCESS,5,4,5,92.5,The agent fully resolved the customer's request to cancel the order.,"The agent followed all SOPs and avoided hallucinations, but included an unnecessary and potentially confusing detour regarding the 30-day return policy.",The agent maintained a professional and helpful tone throughout the conversation.
