case_id,agent_type,persona_type,difficulty,v_i,judge_s_resolution,judge_s_completeness,judge_s_tone,s_answer_quality,s_grounding,grounding_order_id,grounding_status,grounding_amount,grounding_policy_claim,grounding_policy_condition,s_outcome,tool_f1,tool_arg_correctness,tool_result_usage,s_tool,used_tools,expected_tools,traj_flow_order,traj_no_loops,traj_no_redundancy,traj_identity_verified,s_trajectory,total_tokens,execution_seconds,s_efficiency,i_fatal,fatal_reasons,s_raw,s_agent,proxy_cost,net_value
CASE_001,PlanExecute,Adversarial,medium,2,4,3,4,67.5,66.7,True,True,,False,,67.2,1.0,1.0,1.0,100.0,cancel_order|query_order,cancel_order|query_order,True,True,True,True,100.0,22553,,62.5,0,,81.0,81.0,49.7,1.123
CASE_001,PlanExecute,Adversarial,medium,2,5,5,5,100.0,100.0,True,True,,True,,100.0,1.0,1.0,1.0,100.0,cancel_order|query_order,cancel_order|query_order,True,True,True,True,100.0,22517,42.55,60.2,0,,92.0,92.0,49.65,1.3435
CASE_001,PlanExecute,Adversarial,medium,2,4,5,4,82.5,100.0,True,True,,True,,89.5,1.0,1.0,1.0,100.0,cancel_order|query_order,cancel_order|query_order,True,True,True,True,100.0,22517,54.15,47.3,0,,85.8,85.8,49.65,1.2195
CASE_002,PlanExecute,Adversarial,hard,3,4,5,5,87.5,100.0,True,,,True,,92.5,1.0,1.0,1.0,100.0,query_order,query_order,True,True,True,True,100.0,17329,,100.0,0,,97.4,97.4,37.82,2.5438
CASE_002,PlanExecute,Adversarial,hard,3,5,5,5,100.0,100.0,True,True,,True,,100.0,1.0,1.0,1.0,100.0,query_order,query_order,True,True,True,True,100.0,22996,48.44,100.0,0,,100.0,100.0,50.28,2.4972
CASE_002,PlanExecute,Adversarial,hard,3,5,5,5,100.0,100.0,True,True,,True,,100.0,1.0,1.0,1.0,100.0,query_order,query_order,True,True,True,True,100.0,23006,51.05,99.1,0,,99.8,99.8,50.29,2.4911
CASE_015,PlanExecute,Adversarial,easy,1,5,5,5,100.0,66.7,True,True,,,False,86.7,1.0,1.0,1.0,100.0,query_order,query_order,True,True,True,True,100.0,22219,,51.4,0,,85.6,85.6,49.26,0.3634
CASE_015,PlanExecute,Adversarial,easy,1,5,5,5,100.0,66.7,True,True,,,False,86.7,1.0,1.0,1.0,100.0,query_order,query_order,True,True,True,True,100.0,22263,43.01,48.8,0,,85.1,85.1,49.31,0.3579
CASE_015,PlanExecute,Adversarial,easy,1,5,5,5,100.0,66.7,True,True,,,False,86.7,1.0,1.0,1.0,100.0,query_order,query_order,True,True,True,True,100.0,22214,40.37,52.0,0,,85.7,85.7,49.25,0.3645
CASE_075,PlanExecute,Adversarial,easy,1,5,5,5,100.0,100.0,True,True,,,,100.0,1.0,1.0,1.0,100.0,query_order,query_order,True,True,True,True,100.0,13752,,83.1,0,,96.6,96.6,38.11,0.5849
CASE_075,PlanExecute,Adversarial,easy,1,5,5,5,100.0,100.0,True,True,,,,100.0,1.0,1.0,1.0,100.0,query_order,query_order,True,True,True,True,100.0,13839,26.42,79.5,0,,95.9,95.9,38.22,0.5768
CASE_075,PlanExecute,Adversarial,easy,1,,,,0.0,100.0,True,True,,,,40.0,1.0,1.0,1.0,100.0,query_order,query_order,True,True,True,True,100.0,13839,27.4,76.6,0,,74.3,74.3,38.22,0.3608
CASE_090,PlanExecute,Adversarial,medium,2,5,4,5,92.5,100.0,True,True,,True,,95.5,1.0,1.0,1.0,100.0,query_order,query_order,True,True,True,True,100.0,13970,,100.0,0,,98.4,98.4,38.39,1.5841
CASE_090,PlanExecute,Adversarial,medium,2,3,5,5,75.0,100.0,True,True,,True,,85.0,1.0,1.0,1.0,100.0,query_order,query_order,True,True,True,True,100.0,13970,26.24,97.5,0,,94.2,94.2,38.39,1.5001
CASE_090,PlanExecute,Adversarial,medium,2,4,4,5,80.0,100.0,True,True,,True,,88.0,1.0,1.0,1.0,100.0,query_order,query_order,True,True,True,True,100.0,14008,30.13,84.9,0,,92.8,92.8,38.44,1.4716
CASE_141,PlanExecute,Adversarial,easy,1,5,5,5,100.0,100.0,True,True,,True,,100.0,1.0,1.0,1.0,100.0,query_order,query_order,True,True,True,True,100.0,13777,,82.9,0,,96.6,96.6,38.14,0.5846
CASE_141,PlanExecute,Adversarial,easy,1,5,5,3,90.0,100.0,True,True,,True,,94.0,1.0,1.0,1.0,100.0,query_order,query_order,True,True,True,True,100.0,13777,29.91,70.2,0,,91.9,91.9,38.14,0.5376
CASE_141,PlanExecute,Adversarial,easy,1,5,5,4,95.0,100.0,True,True,,True,,97.0,1.0,1.0,1.0,100.0,query_order,query_order,True,True,True,True,100.0,13777,30.02,70.0,0,,92.9,92.9,38.14,0.5476
CASE_001,ReAct,Adversarial,medium,2,5,5,3,90.0,100.0,True,,,True,,94.0,0.667,1.0,1.0,83.3,query_order,cancel_order|query_order,True,False,True,False,50.0,21816,,64.6,0,,76.6,76.6,58.72,0.9448
CASE_001,ReAct,Adversarial,medium,2,5,3,5,85.0,100.0,True,,,True,,91.0,0.667,1.0,1.0,83.3,query_order,cancel_order|query_order,True,False,True,False,50.0,21816,32.31,79.2,0,,78.5,78.5,58.72,0.9828
CASE_001,ReAct,Adversarial,medium,2,5,3,4,80.0,100.0,True,,,True,,88.0,0.667,1.0,1.0,83.3,query_order,cancel_order|query_order,True,False,True,False,50.0,21816,30.74,83.3,0,,78.3,78.3,58.72,0.9788
CASE_002,ReAct,Adversarial,hard,3,4,5,4,82.5,100.0,True,,,True,,89.5,1.0,0.0,1.0,75.0,query_order,query_order,True,False,True,False,50.0,32114,,78.2,0,,75.7,75.7,82.28,1.4482
CASE_002,ReAct,Adversarial,hard,3,5,5,5,100.0,100.0,True,,,True,,100.0,1.0,0.0,1.0,75.0,query_order,query_order,True,False,True,False,50.0,32210,45.25,100.0,0,,83.8,83.8,82.41,1.6899
CASE_002,ReAct,Adversarial,hard,3,5,5,5,100.0,100.0,True,,,True,,100.0,1.0,0.0,1.0,75.0,query_order,query_order,True,False,True,False,50.0,32210,45.02,100.0,0,,83.8,83.8,82.41,1.6899
CASE_015,ReAct,Adversarial,easy,1,3,5,4,70.0,100.0,True,True,,,True,82.0,1.0,0.0,1.0,75.0,query_order,query_order,True,False,True,False,50.0,32065,,35.6,0,,64.6,64.6,82.22,-0.1762
CASE_015,ReAct,Adversarial,easy,1,5,5,5,100.0,100.0,True,True,,,True,100.0,1.0,0.0,1.0,75.0,query_order,query_order,True,False,True,False,50.0,32065,44.37,47.3,0,,73.2,73.2,82.22,-0.0902
CASE_015,ReAct,Adversarial,easy,1,5,5,5,100.0,100.0,True,True,,,True,100.0,1.0,0.0,1.0,75.0,query_order,query_order,True,False,True,False,50.0,32065,44.0,47.7,0,,73.3,73.3,82.22,-0.0892
CASE_075,ReAct,Adversarial,easy,1,5,5,5,100.0,100.0,True,,,,,100.0,1.0,0.0,1.0,75.0,query_order,query_order,True,False,True,False,50.0,21785,,52.4,0,,74.2,74.2,58.68,0.1552
CASE_075,ReAct,Adversarial,easy,1,5,5,5,100.0,100.0,True,,,,,100.0,1.0,0.0,1.0,75.0,query_order,query_order,True,False,True,False,50.0,21785,30.04,69.9,0,,77.7,77.7,58.68,0.1902
CASE_075,ReAct,Adversarial,easy,1,5,5,5,100.0,100.0,True,,,,,100.0,1.0,0.0,1.0,75.0,query_order,query_order,True,False,True,False,50.0,21785,30.12,69.7,0,,77.7,77.7,58.68,0.1902
CASE_090,ReAct,Adversarial,medium,2,4,4,4,75.0,100.0,True,True,,True,,85.0,1.0,0.0,1.0,75.0,query_order,query_order,True,False,True,False,50.0,17724,,79.5,0,,74.4,74.4,53.34,0.9546
CASE_090,ReAct,Adversarial,medium,2,5,4,5,92.5,100.0,True,True,,True,,95.5,1.0,0.0,1.0,75.0,query_order,query_order,True,False,True,False,50.0,17724,26.36,97.1,0,,81.6,81.6,53.34,1.0986
CASE_090,ReAct,Adversarial,medium,2,5,5,4,95.0,100.0,True,True,,True,,97.0,1.0,0.0,1.0,75.0,query_order,query_order,True,False,True,False,50.0,17724,26.16,97.8,0,,82.3,82.3,53.34,1.1126
CASE_141,ReAct,Adversarial,easy,1,5,5,4,95.0,100.0,True,True,,True,,97.0,1.0,0.0,1.0,75.0,query_order,query_order,True,False,True,False,50.0,32118,,35.6,0,,69.8,69.8,82.29,-0.1249
CASE_141,ReAct,Adversarial,easy,1,5,5,5,100.0,100.0,True,True,,True,,100.0,1.0,0.0,1.0,75.0,query_order,query_order,True,False,True,False,50.0,32118,44.44,47.3,0,,73.2,73.2,82.29,-0.0909
CASE_141,ReAct,Adversarial,easy,1,5,5,5,100.0,100.0,True,True,,True,,100.0,1.0,0.0,1.0,75.0,query_order,query_order,True,False,True,False,50.0,32118,44.77,46.9,0,,73.1,73.1,82.29,-0.0919
CASE_001,Reflection,Adversarial,medium,2,5,5,3,90.0,100.0,True,,,True,,94.0,1.0,1.0,1.0,100.0,cancel_order|query_order,cancel_order|query_order,True,True,True,True,100.0,25668,,54.9,0,,88.9,88.9,48.8,1.29
CASE_001,Reflection,Adversarial,medium,2,5,3,4,80.0,100.0,True,,,True,,88.0,1.0,1.0,1.0,100.0,cancel_order|query_order,cancel_order|query_order,True,True,True,True,100.0,25668,227.0,11.3,0,,78.1,78.1,48.8,1.074
CASE_001,Reflection,Adversarial,medium,2,5,3,4,80.0,100.0,True,,,True,,88.0,1.0,1.0,1.0,100.0,cancel_order|query_order,cancel_order|query_order,True,True,True,True,100.0,25668,249.02,10.3,0,,77.9,77.9,48.8,1.07
CASE_002,Reflection,Adversarial,hard,3,4,5,4,82.5,100.0,True,,,True,,89.5,1.0,1.0,1.0,100.0,query_order,query_order,True,True,True,True,100.0,37966,,66.1,0,,89.5,89.5,69.99,1.9851
CASE_002,Reflection,Adversarial,hard,3,5,5,5,100.0,100.0,True,,,True,,100.0,1.0,1.0,1.0,100.0,query_order,query_order,True,True,True,True,100.0,37974,374.33,13.5,0,,82.7,82.7,70.0,1.781
CASE_002,Reflection,Adversarial,hard,3,5,5,5,100.0,100.0,True,,,True,,100.0,1.0,1.0,1.0,100.0,query_order,query_order,True,True,True,True,100.0,37974,382.43,13.2,0,,82.6,82.6,70.0,1.778
CASE_015,Reflection,Adversarial,easy,1,5,5,5,100.0,66.7,True,True,,,False,86.7,1.0,1.0,1.0,100.0,query_order,query_order,True,True,True,True,100.0,25624,,44.6,0,,84.3,84.3,48.74,0.3556
CASE_015,Reflection,Adversarial,easy,1,5,5,5,100.0,66.7,True,True,,,False,86.7,1.0,1.0,1.0,100.0,query_order,query_order,True,True,True,True,100.0,25632,279.82,7.5,0,,76.8,76.8,48.75,0.2805
CASE_015,Reflection,Adversarial,easy,1,5,5,5,100.0,66.7,True,True,,,False,86.7,1.0,1.0,1.0,100.0,query_order,query_order,True,True,True,True,100.0,25624,216.06,9.7,0,,77.3,77.3,48.74,0.2856
CASE_075,Reflection,Adversarial,easy,1,5,5,4,95.0,100.0,True,,,,,97.0,1.0,1.0,1.0,100.0,query_order,query_order,True,True,True,True,100.0,25637,,44.6,0,,87.9,87.9,48.76,0.3914
CASE_075,Reflection,Adversarial,easy,1,3,5,5,75.0,100.0,True,,,,,85.0,1.0,1.0,1.0,100.0,query_order,query_order,True,True,True,True,100.0,25636,254.06,8.3,0,,76.4,76.4,48.75,0.2765
CASE_075,Reflection,Adversarial,easy,1,3,5,4,70.0,100.0,True,,,,,82.0,1.0,1.0,1.0,100.0,query_order,query_order,True,True,True,True,100.0,25637,142.56,14.7,0,,76.6,76.6,48.76,0.2784
CASE_090,Reflection,Adversarial,medium,2,4,4,5,80.0,100.0,True,True,,True,,88.0,1.0,1.0,1.0,100.0,query_order,query_order,True,True,True,True,100.0,25709,,54.8,0,,86.8,86.8,48.85,1.2475
CASE_090,Reflection,Adversarial,medium,2,4,5,5,87.5,100.0,True,True,,True,,92.5,1.0,1.0,1.0,100.0,query_order,query_order,True,True,True,True,100.0,25709,223.35,11.5,0,,79.7,79.7,48.85,1.1055
CASE_090,Reflection,Adversarial,medium,2,5,5,4,95.0,100.0,True,True,,True,,97.0,1.0,1.0,1.0,100.0,query_order,query_order,True,True,True,True,100.0,25709,170.88,15.0,0,,81.9,81.9,48.85,1.1495
CASE_141,Reflection,Adversarial,easy,1,5,5,5,100.0,100.0,True,True,,True,,100.0,1.0,1.0,1.0,100.0,query_order,query_order,True,True,True,True,100.0,25653,,44.5,0,,88.9,88.9,48.78,0.4012
CASE_141,Reflection,Adversarial,easy,1,5,5,4,95.0,100.0,True,True,,True,,97.0,1.0,1.0,1.0,100.0,query_order,query_order,True,True,True,True,100.0,25653,280.34,7.5,0,,80.4,80.4,48.78,0.3162
CASE_141,Reflection,Adversarial,easy,1,5,5,4,95.0,100.0,True,True,,True,,97.0,1.0,1.0,1.0,100.0,query_order,query_order,True,True,True,True,100.0,25653,273.0,7.7,0,,80.5,80.5,48.78,0.3172
CASE_001,Single-slot,Adversarial,medium,2,5,3,5,85.0,100.0,True,True,,True,,91.0,0.667,1.0,1.0,83.3,query_order,cancel_order|query_order,True,True,True,True,100.0,20355,,69.2,0,,86.5,86.5,51.8,1.212
CASE_001,Single-slot,Adversarial,medium,2,2,2,2,25.0,100.0,True,True,,True,,55.0,0.667,1.0,1.0,83.3,query_order,cancel_order|query_order,True,True,True,True,100.0,30203,53.4,47.9,0,,69.7,69.7,74.77,0.6463
CASE_001,Single-slot,Adversarial,medium,2,1,1,3,10.0,100.0,True,True,,True,,46.0,0.667,1.0,1.0,83.3,query_order,cancel_order|query_order,True,True,True,True,100.0,30203,52.1,49.1,0,,66.7,66.7,74.77,0.5863
CASE_002,Single-slot,Adversarial,hard,3,5,3,4,80.0,100.0,True,True,,True,,88.0,1.0,1.0,1.0,100.0,query_order,query_order,True,True,True,True,100.0,30292,,82.9,0,,92.4,92.4,74.89,2.0231
CASE_002,Single-slot,Adversarial,hard,3,5,5,4,95.0,100.0,True,True,,True,,97.0,1.0,1.0,1.0,100.0,query_order,query_order,True,True,True,True,100.0,30292,51.53,98.2,0,,98.6,98.6,74.89,2.2091
CASE_002,Single-slot,Adversarial,hard,3,5,5,4,95.0,100.0,True,True,,True,,97.0,1.0,1.0,1.0,100.0,query_order,query_order,True,True,True,True,100.0,30292,52.07,97.2,0,,98.4,98.4,74.89,2.2031
CASE_015,Single-slot,Adversarial,easy,1,5,5,5,100.0,100.0,True,True,,,True,100.0,1.0,1.0,1.0,100.0,query_order,query_order,True,True,True,True,100.0,18331,,62.3,0,,92.5,92.5,44.14,0.4836
CASE_015,Single-slot,Adversarial,easy,1,5,5,5,100.0,100.0,True,True,,,True,100.0,1.0,1.0,1.0,100.0,query_order,query_order,True,True,True,True,100.0,18331,31.36,67.0,0,,93.4,93.4,44.14,0.4926
CASE_015,Single-slot,Adversarial,easy,1,5,5,5,100.0,100.0,True,True,,,True,100.0,1.0,1.0,1.0,100.0,query_order,query_order,True,True,True,True,100.0,18331,31.63,66.4,0,,93.3,93.3,44.14,0.4916
CASE_075,Single-slot,Adversarial,easy,1,5,5,5,100.0,100.0,True,,,,,100.0,1.0,1.0,1.0,100.0,query_order,query_order,True,True,True,True,100.0,11670,,97.9,0,,99.6,99.6,35.37,0.6423
CASE_075,Single-slot,Adversarial,easy,1,5,5,5,100.0,100.0,True,,,,,100.0,1.0,1.0,1.0,100.0,query_order,query_order,True,True,True,True,100.0,11670,21.0,100.0,0,,100.0,100.0,35.37,0.6463
CASE_075,Single-slot,Adversarial,easy,1,5,5,5,100.0,100.0,True,,,,,100.0,1.0,1.0,1.0,100.0,query_order,query_order,True,True,True,True,100.0,11670,21.0,100.0,0,,100.0,100.0,35.37,0.6463
CASE_090,Single-slot,Adversarial,medium,2,4,4,5,80.0,100.0,True,True,,True,,88.0,1.0,1.0,1.0,100.0,query_order,query_order,True,True,True,True,100.0,14092,,100.0,0,,95.8,95.8,38.55,1.5305
CASE_090,Single-slot,Adversarial,medium,2,3,4,5,67.5,100.0,True,True,,True,,80.5,1.0,1.0,1.0,100.0,query_order,query_order,True,True,True,True,100.0,14092,25.48,100.0,0,,93.2,93.2,38.55,1.4785
CASE_090,Single-slot,Adversarial,medium,2,3,4,5,67.5,100.0,True,True,,True,,80.5,1.0,1.0,1.0,100.0,query_order,query_order,True,True,True,True,100.0,14092,25.71,99.6,0,,93.1,93.1,38.55,1.4765
CASE_141,Single-slot,Adversarial,easy,1,5,5,4,95.0,100.0,True,True,,True,,97.0,1.0,1.0,1.0,100.0,query_order,query_order,True,True,True,True,100.0,11571,,98.7,0,,98.7,98.7,35.24,0.6346
CASE_141,Single-slot,Adversarial,easy,1,5,5,5,100.0,100.0,True,True,,True,,100.0,1.0,1.0,1.0,100.0,query_order,query_order,True,True,True,True,100.0,11571,20.83,100.0,0,,100.0,100.0,35.24,0.6476
CASE_141,Single-slot,Adversarial,easy,1,5,5,5,100.0,100.0,True,True,,True,,100.0,1.0,1.0,1.0,100.0,query_order,query_order,True,True,True,True,100.0,11571,20.81,100.0,0,,100.0,100.0,35.24,0.6476
CASE_001,PlanExecute,Polite,medium,2,5,4,5,92.5,100.0,True,True,,True,,95.5,1.0,1.0,1.0,100.0,cancel_order|query_order,cancel_order|query_order,True,True,True,True,100.0,16936,,83.2,0,,95.1,95.1,37.3,1.529
CASE_001,PlanExecute,Polite,medium,2,5,5,5,100.0,100.0,True,True,,True,,100.0,0.667,1.0,1.0,83.3,cancel_order,cancel_order|query_order,False,True,True,True,75.0,16844,31.59,81.0,0,,87.0,87.0,42.18,1.3182
CASE_001,PlanExecute,Polite,medium,2,5,5,5,100.0,100.0,True,True,,True,,100.0,1.0,1.0,1.0,100.0,cancel_order|query_order,cancel_order|query_order,True,True,True,True,100.0,16958,37.18,68.8,0,,93.8,93.8,37.33,1.5027
CASE_002,PlanExecute,Polite,hard,3,4,5,5,87.5,100.0,True,,,True,,92.5,1.0,1.0,1.0,100.0,query_order,query_order,True,True,True,True,100.0,22088,,100.0,0,,97.4,97.4,49.08,2.4312
CASE_002,PlanExecute,Polite,hard,3,5,5,5,100.0,100.0,True,,,True,,100.0,1.0,1.0,1.0,100.0,query_order,query_order,True,True,True,True,100.0,22512,45.55,100.0,0,,100.0,100.0,49.64,2.5036
CASE_002,PlanExecute,Polite,hard,3,5,5,5,100.0,100.0,True,,,True,,100.0,1.0,1.0,1.0,100.0,query_order,query_order,True,True,True,True,100.0,22424,44.47,100.0,0,,100.0,100.0,49.53,2.5047
CASE_015,PlanExecute,Polite,easy,1,3,5,4,70.0,66.7,True,True,,,False,68.7,1.0,1.0,1.0,100.0,query_order,query_order,True,True,True,True,100.0,13604,,84.0,0,,85.8,85.8,37.91,0.4789
CASE_015,PlanExecute,Polite,easy,1,2,2,5,40.0,66.7,True,True,,,False,50.7,1.0,1.0,1.0,100.0,query_order,query_order,True,True,True,True,100.0,13653,28.58,73.5,0,,77.4,77.4,37.98,0.3942
CASE_015,PlanExecute,Polite,easy,1,2,2,4,35.0,66.7,True,True,,,False,47.7,1.0,1.0,1.0,100.0,query_order,query_order,True,True,True,True,100.0,13653,33.64,62.4,0,,74.2,74.2,37.98,0.3622
CASE_075,PlanExecute,Polite,easy,1,4,3,5,72.5,100.0,True,True,,,,83.5,1.0,1.0,1.0,100.0,query_order,query_order,True,True,True,True,100.0,8789,,100.0,0,,94.2,94.2,26.57,0.6763
CASE_075,PlanExecute,Polite,easy,1,5,5,5,100.0,100.0,True,True,,,,100.0,1.0,1.0,1.0,100.0,query_order,query_order,True,True,True,True,100.0,8788,18.86,100.0,0,,100.0,100.0,26.57,0.7343
CASE_075,PlanExecute,Polite,easy,1,5,5,5,100.0,100.0,True,True,,,,100.0,1.0,1.0,1.0,100.0,query_order,query_order,True,True,True,True,100.0,8789,23.81,88.2,0,,97.6,97.6,26.57,0.7103
CASE_090,PlanExecute,Polite,medium,2,5,5,5,100.0,100.0,True,True,,True,,100.0,1.0,1.0,1.0,100.0,query_order,query_order,True,True,True,True,100.0,8812,,100.0,0,,100.0,100.0,26.6,1.734
CASE_090,PlanExecute,Polite,medium,2,2,4,5,55.0,100.0,True,True,,True,,73.0,1.0,1.0,1.0,100.0,query_order,query_order,True,True,True,True,100.0,8767,18.44,100.0,0,,90.5,90.5,26.54,1.5446
CASE_090,PlanExecute,Polite,medium,2,2,3,5,47.5,100.0,True,True,,True,,68.5,1.0,1.0,1.0,100.0,query_order,query_order,True,True,True,True,100.0,8811,21.99,100.0,0,,89.0,89.0,26.6,1.514
CASE_141,PlanExecute,Polite,easy,1,5,5,5,100.0,100.0,True,True,,True,,100.0,1.0,1.0,1.0,100.0,query_order,query_order,True,True,True,True,100.0,8679,,100.0,0,,100.0,100.0,26.43,0.7357
CASE_141,PlanExecute,Polite,easy,1,5,5,5,100.0,100.0,True,True,,True,,100.0,1.0,1.0,1.0,100.0,query_order,query_order,True,True,True,True,100.0,13532,25.22,83.3,0,,96.7,96.7,37.82,0.5888
CASE_141,PlanExecute,Polite,easy,1,5,5,5,100.0,100.0,True,True,,True,,100.0,1.0,1.0,1.0,100.0,query_order,query_order,True,True,True,True,100.0,8685,23.53,89.2,0,,97.8,97.8,26.44,0.7136
CASE_001,ReAct,Polite,medium,2,5,5,5,100.0,100.0,True,,,True,,100.0,0.667,1.0,1.0,83.3,query_order,cancel_order|query_order,True,True,True,False,75.0,15601,,90.3,0,,88.9,88.9,40.54,1.3726
CASE_001,ReAct,Polite,medium,2,5,3,5,85.0,100.0,True,,,True,,91.0,0.667,1.0,1.0,83.3,query_order,cancel_order|query_order,True,True,True,False,75.0,15603,23.7,100.0,0,,87.7,87.7,40.54,1.3486
CASE_001,ReAct,Polite,medium,2,5,3,5,85.0,100.0,True,,,True,,91.0,0.667,1.0,1.0,83.3,query_order,cancel_order|query_order,True,True,True,False,75.0,15603,22.3,100.0,0,,87.7,87.7,40.54,1.3486
CASE_002,ReAct,Polite,hard,3,3,5,5,75.0,100.0,True,,,True,,85.0,1.0,0.0,1.0,75.0,query_order,query_order,True,False,True,False,50.0,25619,,98.0,0,,78.1,78.1,63.73,1.7057
CASE_002,ReAct,Polite,hard,3,5,5,5,100.0,100.0,True,,,True,,100.0,1.0,0.0,1.0,75.0,query_order,query_order,True,False,True,False,50.0,25619,35.14,100.0,0,,83.8,83.8,63.73,1.8767
CASE_002,ReAct,Polite,hard,3,5,5,5,100.0,100.0,True,,,True,,100.0,1.0,0.0,1.0,75.0,query_order,query_order,True,False,True,False,50.0,25619,32.62,100.0,0,,83.8,83.8,63.73,1.8767
CASE_015,ReAct,Polite,easy,1,5,5,5,100.0,100.0,True,True,,,True,100.0,1.0,0.0,1.0,75.0,query_order,query_order,True,False,True,False,50.0,25707,,44.4,0,,72.6,72.6,63.85,0.0875
CASE_015,ReAct,Polite,easy,1,4,5,5,87.5,100.0,True,True,,,True,92.5,1.0,0.0,1.0,75.0,query_order,query_order,True,False,True,False,50.0,25707,37.71,55.7,0,,72.3,72.3,63.85,0.0845
CASE_015,ReAct,Polite,easy,1,4,5,5,87.5,100.0,True,True,,,True,92.5,1.0,0.0,1.0,75.0,query_order,query_order,True,False,True,False,50.0,25707,34.51,60.9,0,,73.3,73.3,63.85,0.0945
CASE_075,ReAct,Polite,easy,1,3,5,5,75.0,100.0,True,,,,,85.0,1.0,0.0,1.0,75.0,query_order,query_order,True,True,True,False,75.0,15643,,73.0,0,,78.1,78.1,40.6,0.375
CASE_075,ReAct,Polite,easy,1,2,2,5,40.0,100.0,True,,,,,64.0,1.0,0.0,1.0,75.0,query_order,query_order,True,True,True,False,75.0,15643,23.11,90.9,0,,74.3,74.3,40.6,0.337
CASE_075,ReAct,Polite,easy,1,2,2,5,40.0,100.0,True,,,,,64.0,1.0,0.0,1.0,75.0,query_order,query_order,True,True,True,False,75.0,15643,21.34,98.4,0,,75.8,75.8,40.6,0.352
CASE_090,ReAct,Polite,medium,2,3,3,5,60.0,100.0,True,True,,True,,76.0,1.0,0.0,1.0,75.0,query_order,query_order,True,True,True,False,75.0,11496,,100.0,0,,80.3,80.3,35.14,1.2546
CASE_090,ReAct,Polite,medium,2,5,5,5,100.0,100.0,True,True,,True,,100.0,1.0,0.0,1.0,75.0,query_order,query_order,True,True,True,False,75.0,11496,18.24,100.0,0,,88.8,88.8,35.14,1.4246
CASE_090,ReAct,Polite,medium,2,3,3,5,60.0,100.0,True,True,,True,,76.0,1.0,0.0,1.0,75.0,query_order,query_order,True,True,True,False,75.0,11488,16.57,100.0,0,,80.3,80.3,35.13,1.2547
CASE_141,ReAct,Polite,easy,1,5,5,5,100.0,100.0,True,True,,True,,100.0,1.0,0.0,1.0,75.0,query_order,query_order,True,False,True,False,50.0,25732,,44.4,0,,72.6,72.6,63.88,0.0872
CASE_141,ReAct,Polite,easy,1,5,5,5,100.0,100.0,True,True,,True,,100.0,1.0,0.0,1.0,75.0,query_order,query_order,True,False,True,False,50.0,25732,37.16,56.5,0,,75.0,75.0,63.88,0.1112
CASE_141,ReAct,Polite,easy,1,5,5,5,100.0,100.0,True,True,,True,,100.0,1.0,0.0,1.0,75.0,query_order,query_order,True,False,True,False,50.0,25732,34.15,61.5,0,,76.0,76.0,63.88,0.1212
CASE_001,Reflection,Polite,medium,2,5,5,5,100.0,100.0,True,,,True,,100.0,1.0,1.0,1.0,100.0,cancel_order|query_order,cancel_order|query_order,True,True,True,True,100.0,18490,,76.2,0,,95.2,95.2,34.35,1.5605
CASE_001,Reflection,Polite,medium,2,5,3,5,85.0,100.0,True,,,True,,91.0,1.0,1.0,1.0,100.0,cancel_order|query_order,cancel_order|query_order,True,True,True,True,100.0,18492,107.74,23.8,0,,81.6,81.6,34.35,1.2885
CASE_001,Reflection,Polite,medium,2,5,3,5,85.0,100.0,True,,,True,,91.0,1.0,1.0,1.0,100.0,cancel_order|query_order,cancel_order|query_order,True,True,True,True,100.0,18490,161.71,15.8,0,,80.0,80.0,34.35,1.2565
CASE_002,Reflection,Polite,hard,3,4,5,5,87.5,100.0,True,,,True,,92.5,1.0,1.0,1.0,100.0,query_order,query_order,True,True,True,True,100.0,30418,,82.5,0,,93.9,93.9,55.05,2.2665
CASE_002,Reflection,Polite,hard,3,5,5,5,100.0,100.0,True,,,True,,100.0,1.0,1.0,1.0,100.0,query_order,query_order,True,True,True,True,100.0,30418,175.13,28.9,0,,85.8,85.8,55.05,2.0235
CASE_002,Reflection,Polite,hard,3,5,5,5,100.0,100.0,True,,,True,,100.0,1.0,1.0,1.0,100.0,query_order,query_order,True,True,True,True,100.0,30429,314.67,16.1,0,,83.2,83.2,55.07,1.9453
CASE_015,Reflection,Polite,easy,1,5,5,5,100.0,100.0,True,True,,,True,100.0,1.0,1.0,1.0,100.0,query_order,query_order,True,True,True,True,100.0,18496,,61.8,0,,92.4,92.4,34.35,0.5805
CASE_015,Reflection,Polite,easy,1,5,5,5,100.0,100.0,True,True,,,True,100.0,1.0,1.0,1.0,100.0,query_order,query_order,True,True,True,True,100.0,18496,106.62,19.7,0,,83.9,83.9,34.35,0.4955
CASE_015,Reflection,Polite,easy,1,5,5,5,100.0,100.0,True,True,,,True,100.0,1.0,1.0,1.0,100.0,query_order,query_order,True,True,True,True,100.0,18496,186.4,11.3,0,,82.3,82.3,34.35,0.4795
CASE_075,Reflection,Polite,easy,1,3,3,5,60.0,100.0,True,,,,,76.0,1.0,1.0,1.0,100.0,query_order,query_order,True,True,True,True,100.0,18532,,61.6,0,,83.9,83.9,34.4,0.495
CASE_075,Reflection,Polite,easy,1,3,3,5,60.0,100.0,True,,,,,76.0,1.0,1.0,1.0,100.0,query_order,query_order,True,True,True,True,100.0,18532,106.65,19.7,0,,75.5,75.5,34.4,0.411
CASE_075,Reflection,Polite,easy,1,2,2,5,40.0,100.0,True,,,,,64.0,1.0,1.0,1.0,100.0,query_order,query_order,True,True,True,True,100.0,18532,183.8,11.4,0,,69.7,69.7,34.4,0.353
CASE_090,Reflection,Polite,medium,2,5,5,5,100.0,100.0,True,True,,True,,100.0,1.0,1.0,1.0,100.0,query_order,query_order,True,True,True,True,100.0,18510,,76.1,0,,95.2,95.2,34.37,1.5603
CASE_090,Reflection,Polite,medium,2,5,5,5,100.0,100.0,True,True,,True,,100.0,1.0,1.0,1.0,100.0,query_order,query_order,True,True,True,True,100.0,18518,106.19,24.1,0,,84.8,84.8,34.38,1.3522
CASE_090,Reflection,Polite,medium,2,2,2,5,40.0,100.0,True,True,,True,,64.0,1.0,1.0,1.0,100.0,query_order,query_order,True,True,True,True,100.0,18508,156.85,16.3,0,,70.7,70.7,34.37,1.0703
CASE_141,Reflection,Polite,easy,1,5,5,5,100.0,100.0,True,True,,True,,100.0,1.0,1.0,1.0,100.0,query_order,query_order,True,True,True,True,100.0,18516,,61.7,0,,92.3,92.3,34.38,0.5792
CASE_141,Reflection,Polite,easy,1,5,5,5,100.0,100.0,True,True,,True,,100.0,1.0,1.0,1.0,100.0,query_order,query_order,True,True,True,True,100.0,18516,106.91,19.6,0,,83.9,83.9,34.38,0.4952
CASE_141,Reflection,Polite,easy,1,5,5,5,100.0,100.0,True,True,,True,,100.0,1.0,1.0,1.0,100.0,query_order,query_order,True,True,True,True,100.0,18516,186.26,11.3,0,,82.3,82.3,34.38,0.4792
CASE_001,Single-slot,Polite,medium,2,5,4,5,92.5,100.0,True,True,True,True,,95.5,0.5,1.0,1.0,75.0,apply_refund|query_order,cancel_order|query_order,True,True,True,True,100.0,13360,,100.0,0,,92.2,92.2,42.59,1.4181
CASE_001,Single-slot,Polite,medium,2,2,4,5,55.0,100.0,True,True,True,True,,73.0,0.5,1.0,1.0,75.0,apply_refund|query_order,cancel_order|query_order,True,True,True,True,100.0,13360,30.51,83.9,0,,81.1,81.1,42.59,1.1961
CASE_001,Single-slot,Polite,medium,2,3,5,5,75.0,100.0,True,True,True,True,,85.0,0.5,1.0,1.0,75.0,apply_refund|query_order,cancel_order|query_order,True,True,True,True,100.0,13360,26.98,94.9,0,,87.5,87.5,42.59,1.3241
CASE_002,Single-slot,Polite,hard,3,4,4,5,80.0,100.0,True,True,True,True,,88.0,1.0,1.0,1.0,100.0,cancel_order|query_order,query_order,True,True,True,True,100.0,25109,,100.0,0,,95.8,95.8,58.06,2.2934
CASE_002,Single-slot,Polite,hard,3,2,3,5,47.5,100.0,True,,True,True,,68.5,1.0,1.0,1.0,100.0,query_order,query_order,True,True,True,True,100.0,27528,50.5,100.0,0,,89.0,89.0,66.25,2.0075
CASE_002,Single-slot,Polite,hard,3,2,2,5,40.0,100.0,True,,True,True,,64.0,1.0,1.0,1.0,100.0,query_order,query_order,True,True,True,True,100.0,27528,50.68,99.8,0,,87.4,87.4,66.25,1.9595
CASE_015,Single-slot,Polite,easy,1,5,5,5,100.0,100.0,True,True,,,True,100.0,1.0,1.0,1.0,100.0,query_order,query_order,True,True,True,True,100.0,11423,,100.0,0,,100.0,100.0,30.04,0.6996
CASE_015,Single-slot,Polite,easy,1,5,5,5,100.0,100.0,True,True,,,True,100.0,1.0,1.0,1.0,100.0,query_order,query_order,True,True,True,True,100.0,11423,22.29,94.2,0,,98.8,98.8,30.04,0.6876
CASE_015,Single-slot,Polite,easy,1,5,5,5,100.0,100.0,True,True,,,True,100.0,1.0,1.0,1.0,100.0,query_order,query_order,True,True,True,True,100.0,11423,22.16,94.8,0,,99.0,99.0,30.04,0.6896
CASE_075,Single-slot,Polite,easy,1,3,5,5,75.0,100.0,True,,,,,85.0,1.0,1.0,1.0,100.0,query_order,query_order,True,True,True,True,100.0,7359,,100.0,0,,94.8,94.8,24.69,0.7011
CASE_075,Single-slot,Polite,easy,1,2,2,4,35.0,100.0,True,True,,,,61.0,1.0,1.0,1.0,100.0,query_order,query_order,True,True,True,True,100.0,11424,21.84,96.2,0,,85.6,85.6,30.04,0.5556
CASE_075,Single-slot,Polite,easy,1,2,2,4,35.0,100.0,True,True,,,,61.0,1.0,1.0,1.0,100.0,query_order,query_order,True,True,True,True,100.0,11424,21.93,95.8,0,,85.5,85.5,30.04,0.5546
CASE_090,Single-slot,Polite,medium,2,5,5,5,100.0,100.0,True,True,,True,,100.0,1.0,1.0,1.0,100.0,query_order,query_order,True,True,True,True,100.0,7336,,100.0,0,,100.0,100.0,24.66,1.7534
CASE_090,Single-slot,Polite,medium,2,4,4,5,80.0,100.0,True,True,,True,,88.0,1.0,1.0,1.0,100.0,query_order,query_order,True,True,True,True,100.0,7336,14.01,100.0,0,,95.8,95.8,24.66,1.6694
CASE_090,Single-slot,Polite,medium,2,4,4,5,80.0,100.0,True,True,,True,,88.0,1.0,1.0,1.0,100.0,query_order,query_order,True,True,True,True,100.0,7336,14.19,100.0,0,,95.8,95.8,24.66,1.6694
CASE_141,Single-slot,Polite,easy,1,5,5,5,100.0,100.0,True,True,,True,,100.0,1.0,1.0,1.0,100.0,query_order,query_order,True,True,True,True,100.0,7273,,100.0,0,,100.0,100.0,24.58,0.7542
CASE_141,Single-slot,Polite,easy,1,5,5,5,100.0,100.0,True,True,,True,,100.0,1.0,1.0,1.0,100.0,query_order,query_order,True,True,True,True,100.0,7269,13.81,100.0,0,,100.0,100.0,24.57,0.7543
CASE_141,Single-slot,Polite,easy,1,5,5,5,100.0,100.0,True,True,,True,,100.0,1.0,1.0,1.0,100.0,query_order,query_order,True,True,True,True,100.0,7269,13.81,100.0,0,,100.0,100.0,24.57,0.7543
CASE_001,PlanExecute,VIP,medium,2,5,3,5,85.0,100.0,True,True,,True,,91.0,1.0,1.0,1.0,100.0,cancel_order|query_order,cancel_order|query_order,True,True,True,True,100.0,17751,,79.4,0,,92.7,92.7,38.37,1.4703
CASE_001,PlanExecute,VIP,medium,2,3,4,4,62.5,100.0,True,True,,True,,77.5,1.0,1.0,1.0,100.0,cancel_order|query_order,cancel_order|query_order,True,True,True,True,100.0,17996,40.14,63.8,0,,84.9,84.9,38.7,1.311
CASE_001,PlanExecute,VIP,medium,2,3,5,5,75.0,100.0,True,True,,True,,85.0,1.0,1.0,1.0,100.0,cancel_order|query_order,cancel_order|query_order,True,True,True,True,100.0,17940,38.14,67.1,0,,88.2,88.2,38.62,1.3778
CASE_002,PlanExecute,VIP,hard,3,4,4,4,75.0,100.0,True,,,True,,85.0,1.0,1.0,1.0,100.0,query_order,query_order,True,True,True,True,100.0,29162,,86.1,0,,92.0,92.0,63.4,2.126
CASE_002,PlanExecute,VIP,hard,3,5,5,3,90.0,100.0,True,,,True,,94.0,1.0,1.0,1.0,100.0,cancel_order,query_order,False,True,True,True,75.0,23198,47.38,100.0,0,,92.9,92.9,55.54,2.2316
CASE_002,PlanExecute,VIP,hard,3,2,2,4,35.0,100.0,True,,,True,,61.0,1.0,1.0,1.0,100.0,cancel_order|query_order,query_order,True,True,True,True,100.0,23312,42.11,100.0,0,,86.3,86.3,50.69,2.0821
CASE_015,PlanExecute,VIP,easy,1,3,5,4,70.0,100.0,True,True,,,True,82.0,1.0,1.0,1.0,100.0,query_order,query_order,True,True,True,True,100.0,14535,,78.6,0,,89.4,89.4,39.14,0.5026
CASE_015,PlanExecute,VIP,easy,1,5,5,5,100.0,66.7,True,True,,,False,86.7,1.0,1.0,1.0,100.0,query_order,query_order,True,True,True,True,100.0,18216,45.6,46.1,0,,84.6,84.6,38.98,0.4562
CASE_015,PlanExecute,VIP,easy,1,5,5,5,100.0,66.7,True,True,,,False,86.7,1.0,1.0,1.0,100.0,query_order,query_order,True,True,True,True,100.0,18439,37.14,56.5,0,,86.6,86.6,39.28,0.4732
CASE_075,PlanExecute,VIP,easy,1,5,5,5,100.0,100.0,True,True,,,,100.0,1.0,1.0,1.0,100.0,query_order,query_order,True,True,True,True,100.0,9205,,100.0,0,,100.0,100.0,27.12,0.7288
CASE_075,PlanExecute,VIP,easy,1,5,5,5,100.0,100.0,True,True,,,,100.0,1.0,1.0,1.0,100.0,query_order,query_order,True,True,True,True,100.0,9307,22.96,91.5,0,,98.3,98.3,27.25,0.7105
CASE_075,PlanExecute,VIP,easy,1,5,5,5,100.0,100.0,True,True,,,,100.0,1.0,1.0,1.0,100.0,query_order,query_order,True,True,True,True,100.0,9307,17.88,100.0,0,,100.0,100.0,27.25,0.7275
CASE_090,PlanExecute,VIP,medium,2,4,3,5,72.5,100.0,True,True,,True,,83.5,1.0,1.0,1.0,100.0,query_order,query_order,True,True,True,True,100.0,9167,,100.0,0,,94.2,94.2,27.07,1.6133
CASE_090,PlanExecute,VIP,medium,2,5,5,5,100.0,100.0,True,True,,True,,100.0,1.0,1.0,1.0,100.0,query_order,query_order,True,True,True,True,100.0,9280,23.93,100.0,0,,100.0,100.0,27.22,1.7278
CASE_090,PlanExecute,VIP,medium,2,3,4,5,67.5,100.0,True,True,,True,,80.5,1.0,1.0,1.0,100.0,query_order,query_order,True,True,True,True,100.0,9269,17.41,100.0,0,,93.2,93.2,27.2,1.592
CASE_141,PlanExecute,VIP,easy,1,5,5,5,100.0,100.0,True,True,,True,,100.0,1.0,1.0,1.0,100.0,query_order,query_order,True,True,True,True,100.0,9178,,100.0,0,,100.0,100.0,27.08,0.7292
CASE_141,PlanExecute,VIP,easy,1,5,5,5,100.0,100.0,True,True,,True,,100.0,1.0,1.0,1.0,100.0,query_order,query_order,True,True,True,True,100.0,9283,16.96,100.0,0,,100.0,100.0,27.22,0.7278
CASE_141,PlanExecute,VIP,easy,1,5,5,5,100.0,100.0,True,True,,True,,100.0,1.0,1.0,1.0,100.0,query_order,query_order,True,True,True,True,100.0,9283,17.57,100.0,0,,100.0,100.0,27.22,0.7278
CASE_001,ReAct,VIP,medium,2,5,5,5,100.0,100.0,True,,,True,,100.0,0.667,1.0,1.0,83.3,query_order,cancel_order|query_order,True,True,True,False,75.0,16045,,87.8,0,,88.4,88.4,41.13,1.3567
CASE_001,ReAct,VIP,medium,2,5,3,5,85.0,100.0,True,,,True,,91.0,0.667,1.0,1.0,83.3,query_order,cancel_order|query_order,True,True,True,False,75.0,16147,22.45,100.0,0,,87.7,87.7,41.26,1.3414
CASE_001,ReAct,VIP,medium,2,5,5,5,100.0,100.0,True,,,True,,100.0,0.667,1.0,1.0,83.3,query_order,cancel_order|query_order,True,True,True,False,75.0,16147,24.04,100.0,0,,90.8,90.8,41.26,1.4034
CASE_002,ReAct,VIP,hard,3,5,5,5,100.0,100.0,True,,,True,,100.0,1.0,0.0,1.0,75.0,query_order,query_order,True,True,True,False,75.0,26397,,95.1,0,,87.8,87.8,54.76,2.0864
CASE_002,ReAct,VIP,hard,3,5,5,5,100.0,100.0,True,,,True,,100.0,1.0,0.0,1.0,75.0,query_order,query_order,True,True,True,False,75.0,26554,37.11,100.0,0,,88.8,88.8,54.96,2.1144
CASE_002,ReAct,VIP,hard,3,5,5,5,100.0,100.0,True,,,True,,100.0,1.0,0.0,1.0,75.0,query_order,query_order,True,True,True,False,75.0,26554,37.07,100.0,0,,88.8,88.8,54.96,2.1144
CASE_015,ReAct,VIP,easy,1,5,5,5,100.0,100.0,True,True,,,True,100.0,1.0,0.0,1.0,75.0,query_order,query_order,True,False,True,False,50.0,26444,,43.2,0,,72.4,72.4,64.82,0.0758
CASE_015,ReAct,VIP,easy,1,5,5,5,100.0,100.0,True,True,,,True,100.0,1.0,0.0,1.0,75.0,query_order,query_order,True,False,True,False,50.0,26546,37.15,56.5,0,,75.0,75.0,64.95,0.1005
CASE_015,ReAct,VIP,easy,1,5,5,5,100.0,100.0,True,True,,,True,100.0,1.0,0.0,1.0,75.0,query_order,query_order,True,False,True,False,50.0,26546,36.82,57.0,0,,75.2,75.2,64.95,0.1025
CASE_075,ReAct,VIP,easy,1,5,5,5,100.0,100.0,True,,,,,100.0,1.0,0.0,1.0,75.0,query_order,query_order,True,True,True,False,75.0,16076,,71.1,0,,83.0,83.0,41.17,0.4183
CASE_075,ReAct,VIP,easy,1,5,5,5,100.0,100.0,True,,,,,100.0,1.0,0.0,1.0,75.0,query_order,query_order,True,True,True,False,75.0,16178,23.01,91.3,0,,87.0,87.0,41.3,0.457
CASE_075,ReAct,VIP,easy,1,5,5,5,100.0,100.0,True,,,,,100.0,1.0,0.0,1.0,75.0,query_order,query_order,True,True,True,False,75.0,16178,23.06,91.1,0,,87.0,87.0,41.3,0.457
CASE_090,ReAct,VIP,medium,2,4,3,5,72.5,100.0,True,True,,True,,83.5,1.0,0.0,1.0,75.0,query_order,query_order,True,True,True,False,75.0,11921,,100.0,0,,83.0,83.0,35.7,1.303
CASE_090,ReAct,VIP,medium,2,3,4,5,67.5,100.0,True,True,,True,,80.5,1.0,0.0,1.0,75.0,query_order,query_order,True,True,True,False,75.0,12023,17.86,100.0,0,,81.9,81.9,35.83,1.2797
CASE_090,ReAct,VIP,medium,2,3,4,5,67.5,100.0,True,True,,True,,80.5,1.0,0.0,1.0,75.0,query_order,query_order,True,True,True,False,75.0,12023,17.93,100.0,0,,81.9,81.9,35.83,1.2797
CASE_141,ReAct,VIP,easy,1,5,5,5,100.0,100.0,True,True,,True,,100.0,1.0,0.0,1.0,75.0,query_order,query_order,True,False,True,False,50.0,26346,,43.4,0,,72.4,72.4,64.69,0.0771
CASE_141,ReAct,VIP,easy,1,5,5,5,100.0,100.0,True,True,,True,,100.0,1.0,0.0,1.0,75.0,query_order,query_order,True,False,True,False,50.0,26499,36.35,57.8,0,,75.3,75.3,64.89,0.1041
CASE_141,ReAct,VIP,easy,1,5,5,5,100.0,100.0,True,True,,True,,100.0,1.0,0.0,1.0,75.0,query_order,query_order,True,False,True,False,50.0,26499,36.43,57.6,0,,75.3,75.3,64.89,0.1041
CASE_001,Reflection,VIP,medium,2,5,5,5,100.0,100.0,True,,,True,,100.0,1.0,1.0,1.0,100.0,cancel_order|query_order,cancel_order|query_order,True,True,True,True,100.0,18934,,74.4,0,,94.9,94.9,34.93,1.5487
CASE_001,Reflection,VIP,medium,2,5,5,5,100.0,100.0,True,,,True,,100.0,1.0,1.0,1.0,100.0,cancel_order|query_order,cancel_order|query_order,True,True,True,True,100.0,19036,186.11,13.8,0,,82.8,82.8,35.06,1.3054
CASE_001,Reflection,VIP,medium,2,5,5,5,100.0,100.0,True,,,True,,100.0,1.0,1.0,1.0,100.0,cancel_order|query_order,cancel_order|query_order,True,True,True,True,100.0,19036,166.53,15.4,0,,83.1,83.1,35.06,1.3114
CASE_002,Reflection,VIP,hard,3,5,5,5,100.0,100.0,True,,,True,,100.0,1.0,1.0,1.0,100.0,query_order,query_order,True,True,True,True,100.0,31196,,80.5,0,,96.1,96.1,51.08,2.3722
CASE_002,Reflection,VIP,hard,3,5,5,5,100.0,100.0,True,,,True,,100.0,1.0,1.0,1.0,100.0,query_order,query_order,True,True,True,True,100.0,31348,284.72,17.8,0,,83.6,83.6,51.28,1.9952
CASE_002,Reflection,VIP,hard,3,5,5,5,100.0,100.0,True,,,True,,100.0,1.0,1.0,1.0,100.0,query_order,query_order,True,True,True,True,100.0,31348,274.99,18.4,0,,83.7,83.7,51.28,1.9982
CASE_015,Reflection,VIP,easy,1,3,5,5,75.0,100.0,True,True,,,True,85.0,1.0,1.0,1.0,100.0,query_order,query_order,True,True,True,True,100.0,19002,,60.1,0,,86.8,86.8,35.02,0.5178
CASE_015,Reflection,VIP,easy,1,5,5,5,100.0,100.0,True,True,,,True,100.0,1.0,1.0,1.0,100.0,query_order,query_order,True,True,True,True,100.0,19080,190.76,11.0,0,,82.2,82.2,35.12,0.4708
CASE_015,Reflection,VIP,easy,1,5,5,5,100.0,100.0,True,True,,,True,100.0,1.0,1.0,1.0,100.0,query_order,query_order,True,True,True,True,100.0,19080,107.73,19.5,0,,83.9,83.9,35.12,0.4878
CASE_075,Reflection,VIP,easy,1,5,4,5,92.5,100.0,True,,,,,95.5,1.0,1.0,1.0,100.0,query_order,query_order,True,True,True,True,100.0,18965,,60.2,0,,90.5,90.5,34.97,0.5553
CASE_075,Reflection,VIP,easy,1,3,5,5,75.0,100.0,True,,,,,85.0,1.0,1.0,1.0,100.0,query_order,query_order,True,True,True,True,100.0,19067,159.65,13.2,0,,77.4,77.4,35.11,0.4229
CASE_075,Reflection,VIP,easy,1,,,,0.0,100.0,True,,,,,40.0,1.0,1.0,1.0,100.0,query_order,query_order,True,True,True,True,100.0,19067,107.33,19.6,0,,62.9,62.9,35.11,0.2779
CASE_090,Reflection,VIP,medium,2,3,4,5,67.5,100.0,True,True,,True,,80.5,1.0,1.0,1.0,100.0,query_order,query_order,True,True,True,True,100.0,18943,,74.4,0,,88.1,88.1,34.94,1.4126
CASE_090,Reflection,VIP,medium,2,3,4,5,67.5,100.0,True,True,,True,,80.5,1.0,1.0,1.0,100.0,query_order,query_order,True,True,True,True,100.0,19045,181.38,14.1,0,,76.0,76.0,35.08,1.1692
CASE_090,Reflection,VIP,medium,2,3,4,5,67.5,100.0,True,True,,True,,80.5,1.0,1.0,1.0,100.0,query_order,query_order,True,True,True,True,100.0,19045,107.39,23.8,0,,77.9,77.9,35.08,1.2072
CASE_141,Reflection,VIP,easy,1,5,5,5,100.0,100.0,True,True,,True,,100.0,1.0,1.0,1.0,100.0,query_order,query_order,True,True,True,True,100.0,18966,,60.2,0,,92.0,92.0,34.97,0.5703
CASE_141,Reflection,VIP,easy,1,5,5,5,100.0,100.0,True,True,,True,,100.0,1.0,1.0,1.0,100.0,query_order,query_order,True,True,True,True,100.0,19047,172.47,12.2,0,,82.4,82.4,35.08,0.4732
CASE_141,Reflection,VIP,easy,1,5,5,5,100.0,100.0,True,True,,True,,100.0,1.0,1.0,1.0,100.0,query_order,query_order,True,True,True,True,100.0,19047,107.31,19.6,0,,83.9,83.9,35.08,0.4882
CASE_001,Single-slot,VIP,medium,2,5,4,5,92.5,100.0,True,True,,True,,95.5,0.667,1.0,1.0,83.3,query_order,cancel_order|query_order,True,True,True,True,100.0,13972,,100.0,0,,94.2,94.2,38.4,1.5
CASE_001,Single-slot,VIP,medium,2,5,5,5,100.0,100.0,True,True,,True,,100.0,0.667,1.0,1.0,83.3,query_order,cancel_order|query_order,True,True,True,True,100.0,12185,23.64,100.0,0,,95.8,95.8,31.04,1.6056
CASE_001,Single-slot,VIP,medium,2,5,5,5,100.0,100.0,True,True,,True,,100.0,0.667,1.0,1.0,83.3,query_order,cancel_order|query_order,True,True,True,True,100.0,23705,39.12,65.4,0,,88.9,88.9,56.21,1.2159
CASE_002,Single-slot,VIP,hard,3,4,2,5,65.0,100.0,True,True,True,True,,79.0,1.0,1.0,1.0,100.0,cancel_order|query_order,query_order,True,True,True,True,100.0,16559,,100.0,0,,92.7,92.7,36.8,2.413
CASE_002,Single-slot,VIP,hard,3,4,4,5,80.0,100.0,True,True,True,True,,88.0,1.0,1.0,1.0,100.0,cancel_order|query_order,query_order,True,True,True,True,100.0,27282,47.81,100.0,0,,95.8,95.8,60.92,2.2648
CASE_002,Single-slot,VIP,hard,3,4,4,5,80.0,100.0,True,True,True,True,,88.0,1.0,1.0,1.0,100.0,cancel_order|query_order,query_order,True,True,True,True,100.0,27282,48.19,100.0,0,,95.8,95.8,60.92,2.2648
CASE_015,Single-slot,VIP,easy,1,5,5,5,100.0,100.0,True,True,,,True,100.0,1.0,1.0,1.0,100.0,query_order,query_order,True,True,True,True,100.0,12258,,93.2,0,,98.6,98.6,31.14,0.6746
CASE_015,Single-slot,VIP,easy,1,5,5,5,100.0,100.0,True,True,,,True,100.0,1.0,1.0,1.0,100.0,query_order,query_order,True,True,True,True,100.0,12437,22.67,92.6,0,,98.5,98.5,31.38,0.6712
CASE_015,Single-slot,VIP,easy,1,5,5,5,100.0,100.0,True,True,,,True,100.0,1.0,1.0,1.0,100.0,query_order,query_order,True,True,True,True,100.0,12437,22.52,93.3,0,,98.7,98.7,31.38,0.6732
CASE_075,Single-slot,VIP,easy,1,5,5,5,100.0,100.0,True,,,,,100.0,1.0,1.0,1.0,100.0,query_order,query_order,True,True,True,True,100.0,7801,,100.0,0,,100.0,100.0,25.27,0.7473
CASE_075,Single-slot,VIP,easy,1,5,5,5,100.0,100.0,True,,,,,100.0,1.0,1.0,1.0,100.0,query_order,query_order,True,True,True,True,100.0,7923,14.81,100.0,0,,100.0,100.0,25.43,0.7457
CASE_075,Single-slot,VIP,easy,1,5,5,5,100.0,100.0,True,,,,,100.0,1.0,1.0,1.0,100.0,query_order,query_order,True,True,True,True,100.0,7923,14.53,100.0,0,,100.0,100.0,25.43,0.7457
CASE_090,Single-slot,VIP,medium,2,3,3,5,60.0,100.0,True,True,,True,,76.0,1.0,1.0,1.0,100.0,query_order,query_order,True,True,True,True,100.0,7766,,100.0,0,,91.6,91.6,25.23,1.5797
CASE_090,Single-slot,VIP,medium,2,3,4,5,67.5,100.0,True,True,,True,,80.5,1.0,1.0,1.0,100.0,query_order,query_order,True,True,True,True,100.0,7868,14.66,100.0,0,,93.2,93.2,25.36,1.6104
CASE_090,Single-slot,VIP,medium,2,3,4,5,67.5,100.0,True,True,,True,,80.5,1.0,1.0,1.0,100.0,query_order,query_order,True,True,True,True,100.0,7868,14.16,100.0,0,,93.2,93.2,25.36,1.6104
CASE_141,Single-slot,VIP,easy,1,5,5,5,100.0,100.0,True,True,,True,,100.0,1.0,1.0,1.0,100.0,query_order,query_order,True,True,True,True,100.0,7789,,100.0,0,,100.0,100.0,25.26,0.7474
CASE_141,Single-slot,VIP,easy,1,5,5,5,100.0,100.0,True,True,,True,,100.0,1.0,1.0,1.0,100.0,query_order,query_order,True,True,True,True,100.0,7853,14.34,100.0,0,,100.0,100.0,25.34,0.7466
CASE_141,Single-slot,VIP,easy,1,5,5,5,100.0,100.0,True,True,,True,,100.0,1.0,1.0,1.0,100.0,query_order,query_order,True,True,True,True,100.0,7853,14.24,100.0,0,,100.0,100.0,25.34,0.7466
